ISO-10303-21;
HEADER;
/* Generated by software containing ST-Developer
 * from STEP Tools, Inc. (www.steptools.com) 
 */

FILE_DESCRIPTION(
/* description */ (''),
/* implementation_level */ '2;1');

FILE_NAME(
/* name */ 'Conn_Hirose_DF3-3P-2DS.step',
/* time_stamp */ '2026-01-16T16:46:05+08:00',
/* author */ (''),
/* organization */ (''),
/* preprocessor_version */ 'ST-DEVELOPER v20.1',
/* originating_system */ 'Autodesk Translation Framework v14.21.0.0',
/* authorisation */ '');

FILE_SCHEMA (('AUTOMOTIVE_DESIGN { 1 0 10303 214 3 1 1 }'));
ENDSEC;

DATA;
#10=MECHANICAL_DESIGN_GEOMETRIC_PRESENTATION_REPRESENTATION('',(#31,#32,
#33,#34,#35,#36,#37,#38,#39,#40,#41,#42,#43,#44,#45,#46,#47,#48,#49,#50,
#51,#52,#53,#54,#55,#56,#57,#58,#59,#60,#61,#62,#63,#64,#65,#66,#67,#68,
#69,#70,#71,#72,#73,#74,#75,#76,#77,#78,#79,#80,#81,#82,#83,#84,#85,#86,
#87,#88,#89,#90,#91,#92,#93,#94),#5369);
#11=SHAPE_REPRESENTATION_RELATIONSHIP('SRR','None',#5376,#12);
#12=ADVANCED_BREP_SHAPE_REPRESENTATION('',(#13),#5368);
#13=MANIFOLD_SOLID_BREP('Body1',#3399);
#14=FACE_BOUND('',#319,.T.);
#15=FACE_BOUND('',#320,.T.);
#16=FACE_BOUND('',#321,.T.);
#17=FACE_BOUND('',#346,.T.);
#18=FACE_BOUND('',#351,.T.);
#19=FACE_BOUND('',#356,.T.);
#20=CYLINDRICAL_SURFACE('',#3421,0.3);
#21=CYLINDRICAL_SURFACE('',#3448,0.3);
#22=CYLINDRICAL_SURFACE('',#3451,0.8);
#23=CYLINDRICAL_SURFACE('',#3455,0.3);
#24=CYLINDRICAL_SURFACE('',#3523,0.3);
#25=CYLINDRICAL_SURFACE('',#3552,0.3);
#26=CYLINDRICAL_SURFACE('',#3559,0.8);
#27=CYLINDRICAL_SURFACE('',#3560,0.3);
#28=CYLINDRICAL_SURFACE('',#3574,0.3);
#29=CYLINDRICAL_SURFACE('',#3578,0.3);
#30=CYLINDRICAL_SURFACE('',#3588,0.8);
#31=STYLED_ITEM('',(#5387),#3236);
#32=STYLED_ITEM('',(#5387),#3253);
#33=STYLED_ITEM('',(#5387),#3256);
#34=STYLED_ITEM('',(#5387),#3266);
#35=STYLED_ITEM('',(#5387),#3273);
#36=STYLED_ITEM('',(#5387),#3282);
#37=STYLED_ITEM('',(#5387),#3284);
#38=STYLED_ITEM('',(#5387),#3285);
#39=STYLED_ITEM('',(#5387),#3287);
#40=STYLED_ITEM('',(#5387),#3292);
#41=STYLED_ITEM('',(#5387),#3293);
#42=STYLED_ITEM('',(#5387),#3299);
#43=STYLED_ITEM('',(#5387),#3300);
#44=STYLED_ITEM('',(#5387),#3303);
#45=STYLED_ITEM('',(#5387),#3304);
#46=STYLED_ITEM('',(#5387),#3307);
#47=STYLED_ITEM('',(#5387),#3310);
#48=STYLED_ITEM('',(#5387),#3321);
#49=STYLED_ITEM('',(#5387),#3323);
#50=STYLED_ITEM('',(#5387),#3324);
#51=STYLED_ITEM('',(#5387),#3325);
#52=STYLED_ITEM('',(#5387),#3345);
#53=STYLED_ITEM('',(#5387),#3350);
#54=STYLED_ITEM('',(#5387),#3351);
#55=STYLED_ITEM('',(#5387),#3353);
#56=STYLED_ITEM('',(#5387),#3354);
#57=STYLED_ITEM('',(#5387),#3355);
#58=STYLED_ITEM('',(#5387),#3358);
#59=STYLED_ITEM('',(#5387),#3359);
#60=STYLED_ITEM('',(#5387),#3360);
#61=STYLED_ITEM('',(#5387),#3361);
#62=STYLED_ITEM('',(#5387),#3362);
#63=STYLED_ITEM('',(#5387),#3363);
#64=STYLED_ITEM('',(#5387),#3364);
#65=STYLED_ITEM('',(#5387),#3366);
#66=STYLED_ITEM('',(#5387),#3367);
#67=STYLED_ITEM('',(#5387),#3368);
#68=STYLED_ITEM('',(#5387),#3369);
#69=STYLED_ITEM('',(#5387),#3370);
#70=STYLED_ITEM('',(#5387),#3371);
#71=STYLED_ITEM('',(#5387),#3372);
#72=STYLED_ITEM('',(#5387),#3373);
#73=STYLED_ITEM('',(#5387),#3374);
#74=STYLED_ITEM('',(#5387),#3375);
#75=STYLED_ITEM('',(#5387),#3376);
#76=STYLED_ITEM('',(#5387),#3377);
#77=STYLED_ITEM('',(#5387),#3378);
#78=STYLED_ITEM('',(#5387),#3383);
#79=STYLED_ITEM('',(#5387),#3384);
#80=STYLED_ITEM('',(#5387),#3385);
#81=STYLED_ITEM('',(#5387),#3386);
#82=STYLED_ITEM('',(#5387),#3387);
#83=STYLED_ITEM('',(#5387),#3388);
#84=STYLED_ITEM('',(#5387),#3389);
#85=STYLED_ITEM('',(#5387),#3390);
#86=STYLED_ITEM('',(#5387),#3391);
#87=STYLED_ITEM('',(#5387),#3392);
#88=STYLED_ITEM('',(#5387),#3393);
#89=STYLED_ITEM('',(#5387),#3394);
#90=STYLED_ITEM('',(#5387),#3395);
#91=STYLED_ITEM('',(#5387),#3396);
#92=STYLED_ITEM('',(#5387),#3397);
#93=STYLED_ITEM('',(#5387),#3398);
#94=STYLED_ITEM('',(#5386),#13);
#95=CIRCLE('',#3415,0.3);
#96=CIRCLE('',#3422,0.3);
#97=CIRCLE('',#3437,0.3);
#98=CIRCLE('',#3442,0.3);
#99=CIRCLE('',#3449,0.3);
#100=CIRCLE('',#3450,0.3);
#101=CIRCLE('',#3452,0.8);
#102=CIRCLE('',#3453,0.8);
#103=CIRCLE('',#3470,0.3);
#104=CIRCLE('',#3512,0.3);
#105=CIRCLE('',#3541,0.3);
#106=CIRCLE('',#3542,0.3);
#107=CIRCLE('',#3543,0.8);
#108=CIRCLE('',#3548,0.8);
#109=CIRCLE('',#3549,0.3);
#110=CIRCLE('',#3550,0.3);
#111=CIRCLE('',#3575,0.3);
#112=CIRCLE('',#3576,0.3);
#113=CIRCLE('',#3579,0.3);
#114=CIRCLE('',#3580,0.3);
#115=CIRCLE('',#3583,0.8);
#116=CIRCLE('',#3585,0.8);
#117=FACE_OUTER_BOUND('',#282,.T.);
#118=FACE_OUTER_BOUND('',#283,.T.);
#119=FACE_OUTER_BOUND('',#284,.T.);
#120=FACE_OUTER_BOUND('',#285,.T.);
#121=FACE_OUTER_BOUND('',#286,.T.);
#122=FACE_OUTER_BOUND('',#287,.T.);
#123=FACE_OUTER_BOUND('',#288,.T.);
#124=FACE_OUTER_BOUND('',#289,.T.);
#125=FACE_OUTER_BOUND('',#290,.T.);
#126=FACE_OUTER_BOUND('',#291,.T.);
#127=FACE_OUTER_BOUND('',#292,.T.);
#128=FACE_OUTER_BOUND('',#293,.T.);
#129=FACE_OUTER_BOUND('',#294,.T.);
#130=FACE_OUTER_BOUND('',#295,.T.);
#131=FACE_OUTER_BOUND('',#296,.T.);
#132=FACE_OUTER_BOUND('',#297,.T.);
#133=FACE_OUTER_BOUND('',#298,.T.);
#134=FACE_OUTER_BOUND('',#299,.T.);
#135=FACE_OUTER_BOUND('',#300,.T.);
#136=FACE_OUTER_BOUND('',#301,.T.);
#137=FACE_OUTER_BOUND('',#302,.T.);
#138=FACE_OUTER_BOUND('',#303,.T.);
#139=FACE_OUTER_BOUND('',#304,.T.);
#140=FACE_OUTER_BOUND('',#305,.T.);
#141=FACE_OUTER_BOUND('',#306,.T.);
#142=FACE_OUTER_BOUND('',#307,.T.);
#143=FACE_OUTER_BOUND('',#308,.T.);
#144=FACE_OUTER_BOUND('',#309,.T.);
#145=FACE_OUTER_BOUND('',#310,.T.);
#146=FACE_OUTER_BOUND('',#311,.T.);
#147=FACE_OUTER_BOUND('',#312,.T.);
#148=FACE_OUTER_BOUND('',#313,.T.);
#149=FACE_OUTER_BOUND('',#314,.T.);
#150=FACE_OUTER_BOUND('',#315,.T.);
#151=FACE_OUTER_BOUND('',#316,.T.);
#152=FACE_OUTER_BOUND('',#317,.T.);
#153=FACE_OUTER_BOUND('',#318,.T.);
#154=FACE_OUTER_BOUND('',#322,.T.);
#155=FACE_OUTER_BOUND('',#323,.T.);
#156=FACE_OUTER_BOUND('',#324,.T.);
#157=FACE_OUTER_BOUND('',#325,.T.);
#158=FACE_OUTER_BOUND('',#326,.T.);
#159=FACE_OUTER_BOUND('',#327,.T.);
#160=FACE_OUTER_BOUND('',#328,.T.);
#161=FACE_OUTER_BOUND('',#329,.T.);
#162=FACE_OUTER_BOUND('',#330,.T.);
#163=FACE_OUTER_BOUND('',#331,.T.);
#164=FACE_OUTER_BOUND('',#332,.T.);
#165=FACE_OUTER_BOUND('',#333,.T.);
#166=FACE_OUTER_BOUND('',#334,.T.);
#167=FACE_OUTER_BOUND('',#335,.T.);
#168=FACE_OUTER_BOUND('',#336,.T.);
#169=FACE_OUTER_BOUND('',#337,.T.);
#170=FACE_OUTER_BOUND('',#338,.T.);
#171=FACE_OUTER_BOUND('',#339,.T.);
#172=FACE_OUTER_BOUND('',#340,.T.);
#173=FACE_OUTER_BOUND('',#341,.T.);
#174=FACE_OUTER_BOUND('',#342,.T.);
#175=FACE_OUTER_BOUND('',#343,.T.);
#176=FACE_OUTER_BOUND('',#344,.T.);
#177=FACE_OUTER_BOUND('',#345,.T.);
#178=FACE_OUTER_BOUND('',#347,.T.);
#179=FACE_OUTER_BOUND('',#348,.T.);
#180=FACE_OUTER_BOUND('',#349,.T.);
#181=FACE_OUTER_BOUND('',#350,.T.);
#182=FACE_OUTER_BOUND('',#352,.T.);
#183=FACE_OUTER_BOUND('',#353,.T.);
#184=FACE_OUTER_BOUND('',#354,.T.);
#185=FACE_OUTER_BOUND('',#355,.T.);
#186=FACE_OUTER_BOUND('',#357,.T.);
#187=FACE_OUTER_BOUND('',#358,.T.);
#188=FACE_OUTER_BOUND('',#359,.T.);
#189=FACE_OUTER_BOUND('',#360,.T.);
#190=FACE_OUTER_BOUND('',#361,.T.);
#191=FACE_OUTER_BOUND('',#362,.T.);
#192=FACE_OUTER_BOUND('',#363,.T.);
#193=FACE_OUTER_BOUND('',#364,.T.);
#194=FACE_OUTER_BOUND('',#365,.T.);
#195=FACE_OUTER_BOUND('',#366,.T.);
#196=FACE_OUTER_BOUND('',#367,.T.);
#197=FACE_OUTER_BOUND('',#368,.T.);
#198=FACE_OUTER_BOUND('',#369,.T.);
#199=FACE_OUTER_BOUND('',#370,.T.);
#200=FACE_OUTER_BOUND('',#371,.T.);
#201=FACE_OUTER_BOUND('',#372,.T.);
#202=FACE_OUTER_BOUND('',#373,.T.);
#203=FACE_OUTER_BOUND('',#374,.T.);
#204=FACE_OUTER_BOUND('',#375,.T.);
#205=FACE_OUTER_BOUND('',#376,.T.);
#206=FACE_OUTER_BOUND('',#377,.T.);
#207=FACE_OUTER_BOUND('',#378,.T.);
#208=FACE_OUTER_BOUND('',#379,.T.);
#209=FACE_OUTER_BOUND('',#380,.T.);
#210=FACE_OUTER_BOUND('',#381,.T.);
#211=FACE_OUTER_BOUND('',#382,.T.);
#212=FACE_OUTER_BOUND('',#383,.T.);
#213=FACE_OUTER_BOUND('',#384,.T.);
#214=FACE_OUTER_BOUND('',#385,.T.);
#215=FACE_OUTER_BOUND('',#386,.T.);
#216=FACE_OUTER_BOUND('',#387,.T.);
#217=FACE_OUTER_BOUND('',#388,.T.);
#218=FACE_OUTER_BOUND('',#389,.T.);
#219=FACE_OUTER_BOUND('',#390,.T.);
#220=FACE_OUTER_BOUND('',#391,.T.);
#221=FACE_OUTER_BOUND('',#392,.T.);
#222=FACE_OUTER_BOUND('',#393,.T.);
#223=FACE_OUTER_BOUND('',#394,.T.);
#224=FACE_OUTER_BOUND('',#395,.T.);
#225=FACE_OUTER_BOUND('',#396,.T.);
#226=FACE_OUTER_BOUND('',#397,.T.);
#227=FACE_OUTER_BOUND('',#398,.T.);
#228=FACE_OUTER_BOUND('',#399,.T.);
#229=FACE_OUTER_BOUND('',#400,.T.);
#230=FACE_OUTER_BOUND('',#401,.T.);
#231=FACE_OUTER_BOUND('',#402,.T.);
#232=FACE_OUTER_BOUND('',#403,.T.);
#233=FACE_OUTER_BOUND('',#404,.T.);
#234=FACE_OUTER_BOUND('',#405,.T.);
#235=FACE_OUTER_BOUND('',#406,.T.);
#236=FACE_OUTER_BOUND('',#407,.T.);
#237=FACE_OUTER_BOUND('',#408,.T.);
#238=FACE_OUTER_BOUND('',#409,.T.);
#239=FACE_OUTER_BOUND('',#410,.T.);
#240=FACE_OUTER_BOUND('',#411,.T.);
#241=FACE_OUTER_BOUND('',#412,.T.);
#242=FACE_OUTER_BOUND('',#413,.T.);
#243=FACE_OUTER_BOUND('',#414,.T.);
#244=FACE_OUTER_BOUND('',#415,.T.);
#245=FACE_OUTER_BOUND('',#416,.T.);
#246=FACE_OUTER_BOUND('',#417,.T.);
#247=FACE_OUTER_BOUND('',#418,.T.);
#248=FACE_OUTER_BOUND('',#419,.T.);
#249=FACE_OUTER_BOUND('',#420,.T.);
#250=FACE_OUTER_BOUND('',#421,.T.);
#251=FACE_OUTER_BOUND('',#422,.T.);
#252=FACE_OUTER_BOUND('',#423,.T.);
#253=FACE_OUTER_BOUND('',#424,.T.);
#254=FACE_OUTER_BOUND('',#425,.T.);
#255=FACE_OUTER_BOUND('',#426,.T.);
#256=FACE_OUTER_BOUND('',#427,.T.);
#257=FACE_OUTER_BOUND('',#428,.T.);
#258=FACE_OUTER_BOUND('',#429,.T.);
#259=FACE_OUTER_BOUND('',#430,.T.);
#260=FACE_OUTER_BOUND('',#431,.T.);
#261=FACE_OUTER_BOUND('',#432,.T.);
#262=FACE_OUTER_BOUND('',#433,.T.);
#263=FACE_OUTER_BOUND('',#434,.T.);
#264=FACE_OUTER_BOUND('',#435,.T.);
#265=FACE_OUTER_BOUND('',#436,.T.);
#266=FACE_OUTER_BOUND('',#437,.T.);
#267=FACE_OUTER_BOUND('',#438,.T.);
#268=FACE_OUTER_BOUND('',#439,.T.);
#269=FACE_OUTER_BOUND('',#440,.T.);
#270=FACE_OUTER_BOUND('',#441,.T.);
#271=FACE_OUTER_BOUND('',#442,.T.);
#272=FACE_OUTER_BOUND('',#443,.T.);
#273=FACE_OUTER_BOUND('',#444,.T.);
#274=FACE_OUTER_BOUND('',#445,.T.);
#275=FACE_OUTER_BOUND('',#446,.T.);
#276=FACE_OUTER_BOUND('',#447,.T.);
#277=FACE_OUTER_BOUND('',#448,.T.);
#278=FACE_OUTER_BOUND('',#449,.T.);
#279=FACE_OUTER_BOUND('',#450,.T.);
#280=FACE_OUTER_BOUND('',#451,.T.);
#281=FACE_OUTER_BOUND('',#452,.T.);
#282=EDGE_LOOP('',(#2130,#2131,#2132,#2133));
#283=EDGE_LOOP('',(#2134,#2135,#2136,#2137,#2138,#2139,#2140,#2141,#2142,
#2143,#2144,#2145));
#284=EDGE_LOOP('',(#2146,#2147,#2148,#2149));
#285=EDGE_LOOP('',(#2150,#2151,#2152,#2153));
#286=EDGE_LOOP('',(#2154,#2155,#2156,#2157));
#287=EDGE_LOOP('',(#2158,#2159,#2160,#2161));
#288=EDGE_LOOP('',(#2162,#2163,#2164,#2165));
#289=EDGE_LOOP('',(#2166,#2167,#2168,#2169));
#290=EDGE_LOOP('',(#2170,#2171,#2172,#2173,#2174,#2175,#2176,#2177));
#291=EDGE_LOOP('',(#2178,#2179,#2180,#2181));
#292=EDGE_LOOP('',(#2182,#2183,#2184,#2185,#2186,#2187,#2188,#2189));
#293=EDGE_LOOP('',(#2190,#2191,#2192,#2193));
#294=EDGE_LOOP('',(#2194,#2195,#2196,#2197,#2198,#2199,#2200,#2201,#2202,
#2203));
#295=EDGE_LOOP('',(#2204,#2205,#2206,#2207));
#296=EDGE_LOOP('',(#2208,#2209,#2210,#2211));
#297=EDGE_LOOP('',(#2212,#2213,#2214,#2215));
#298=EDGE_LOOP('',(#2216,#2217,#2218,#2219));
#299=EDGE_LOOP('',(#2220,#2221,#2222,#2223));
#300=EDGE_LOOP('',(#2224,#2225,#2226,#2227));
#301=EDGE_LOOP('',(#2228,#2229,#2230,#2231));
#302=EDGE_LOOP('',(#2232,#2233,#2234,#2235));
#303=EDGE_LOOP('',(#2236,#2237,#2238,#2239,#2240,#2241,#2242,#2243,#2244,
#2245,#2246,#2247));
#304=EDGE_LOOP('',(#2248,#2249,#2250,#2251));
#305=EDGE_LOOP('',(#2252,#2253,#2254,#2255));
#306=EDGE_LOOP('',(#2256,#2257,#2258,#2259));
#307=EDGE_LOOP('',(#2260,#2261,#2262,#2263,#2264,#2265,#2266,#2267));
#308=EDGE_LOOP('',(#2268,#2269,#2270,#2271));
#309=EDGE_LOOP('',(#2272,#2273,#2274,#2275,#2276));
#310=EDGE_LOOP('',(#2277,#2278,#2279,#2280,#2281,#2282,#2283,#2284));
#311=EDGE_LOOP('',(#2285,#2286,#2287,#2288));
#312=EDGE_LOOP('',(#2289,#2290,#2291,#2292));
#313=EDGE_LOOP('',(#2293,#2294,#2295,#2296));
#314=EDGE_LOOP('',(#2297,#2298,#2299,#2300));
#315=EDGE_LOOP('',(#2301,#2302,#2303,#2304));
#316=EDGE_LOOP('',(#2305,#2306,#2307,#2308));
#317=EDGE_LOOP('',(#2309,#2310,#2311,#2312));
#318=EDGE_LOOP('',(#2313,#2314,#2315,#2316,#2317,#2318,#2319,#2320));
#319=EDGE_LOOP('',(#2321,#2322,#2323,#2324));
#320=EDGE_LOOP('',(#2325,#2326,#2327,#2328));
#321=EDGE_LOOP('',(#2329,#2330,#2331,#2332));
#322=EDGE_LOOP('',(#2333,#2334,#2335,#2336,#2337,#2338,#2339,#2340));
#323=EDGE_LOOP('',(#2341,#2342,#2343,#2344));
#324=EDGE_LOOP('',(#2345,#2346,#2347,#2348));
#325=EDGE_LOOP('',(#2349,#2350,#2351,#2352,#2353,#2354,#2355,#2356,#2357,
#2358));
#326=EDGE_LOOP('',(#2359,#2360,#2361,#2362,#2363,#2364));
#327=EDGE_LOOP('',(#2365,#2366,#2367,#2368));
#328=EDGE_LOOP('',(#2369,#2370,#2371,#2372));
#329=EDGE_LOOP('',(#2373,#2374,#2375,#2376));
#330=EDGE_LOOP('',(#2377,#2378,#2379,#2380,#2381,#2382,#2383,#2384,#2385,
#2386,#2387,#2388,#2389,#2390,#2391,#2392,#2393,#2394,#2395,#2396,#2397,
#2398,#2399,#2400));
#331=EDGE_LOOP('',(#2401,#2402,#2403,#2404,#2405,#2406));
#332=EDGE_LOOP('',(#2407,#2408,#2409,#2410));
#333=EDGE_LOOP('',(#2411,#2412,#2413,#2414,#2415,#2416,#2417,#2418,#2419,
#2420,#2421));
#334=EDGE_LOOP('',(#2422,#2423,#2424,#2425));
#335=EDGE_LOOP('',(#2426,#2427,#2428,#2429));
#336=EDGE_LOOP('',(#2430,#2431,#2432,#2433));
#337=EDGE_LOOP('',(#2434,#2435,#2436,#2437));
#338=EDGE_LOOP('',(#2438,#2439,#2440,#2441));
#339=EDGE_LOOP('',(#2442,#2443,#2444,#2445));
#340=EDGE_LOOP('',(#2446,#2447,#2448,#2449));
#341=EDGE_LOOP('',(#2450,#2451,#2452,#2453));
#342=EDGE_LOOP('',(#2454,#2455,#2456,#2457,#2458,#2459));
#343=EDGE_LOOP('',(#2460,#2461,#2462,#2463,#2464,#2465,#2466,#2467));
#344=EDGE_LOOP('',(#2468,#2469,#2470,#2471));
#345=EDGE_LOOP('',(#2472,#2473,#2474,#2475));
#346=EDGE_LOOP('',(#2476,#2477,#2478,#2479));
#347=EDGE_LOOP('',(#2480,#2481,#2482,#2483));
#348=EDGE_LOOP('',(#2484,#2485,#2486,#2487));
#349=EDGE_LOOP('',(#2488,#2489,#2490,#2491,#2492,#2493,#2494,#2495,#2496,
#2497,#2498,#2499,#2500,#2501,#2502,#2503,#2504,#2505,#2506,#2507));
#350=EDGE_LOOP('',(#2508,#2509,#2510,#2511));
#351=EDGE_LOOP('',(#2512,#2513,#2514,#2515));
#352=EDGE_LOOP('',(#2516,#2517,#2518,#2519));
#353=EDGE_LOOP('',(#2520,#2521,#2522,#2523));
#354=EDGE_LOOP('',(#2524,#2525,#2526,#2527));
#355=EDGE_LOOP('',(#2528,#2529,#2530,#2531));
#356=EDGE_LOOP('',(#2532,#2533,#2534,#2535));
#357=EDGE_LOOP('',(#2536,#2537,#2538,#2539));
#358=EDGE_LOOP('',(#2540,#2541,#2542,#2543));
#359=EDGE_LOOP('',(#2544,#2545,#2546,#2547));
#360=EDGE_LOOP('',(#2548,#2549,#2550,#2551));
#361=EDGE_LOOP('',(#2552,#2553,#2554,#2555,#2556,#2557,#2558,#2559));
#362=EDGE_LOOP('',(#2560,#2561,#2562,#2563));
#363=EDGE_LOOP('',(#2564,#2565,#2566,#2567,#2568,#2569,#2570,#2571));
#364=EDGE_LOOP('',(#2572,#2573,#2574,#2575));
#365=EDGE_LOOP('',(#2576,#2577,#2578,#2579));
#366=EDGE_LOOP('',(#2580,#2581,#2582,#2583));
#367=EDGE_LOOP('',(#2584,#2585,#2586,#2587));
#368=EDGE_LOOP('',(#2588,#2589,#2590,#2591));
#369=EDGE_LOOP('',(#2592,#2593,#2594,#2595));
#370=EDGE_LOOP('',(#2596,#2597,#2598,#2599));
#371=EDGE_LOOP('',(#2600,#2601,#2602,#2603,#2604,#2605,#2606,#2607));
#372=EDGE_LOOP('',(#2608,#2609,#2610,#2611,#2612,#2613,#2614,#2615,#2616,
#2617,#2618,#2619,#2620,#2621,#2622,#2623,#2624,#2625));
#373=EDGE_LOOP('',(#2626,#2627,#2628,#2629));
#374=EDGE_LOOP('',(#2630,#2631,#2632,#2633));
#375=EDGE_LOOP('',(#2634,#2635,#2636,#2637));
#376=EDGE_LOOP('',(#2638,#2639,#2640,#2641));
#377=EDGE_LOOP('',(#2642,#2643,#2644,#2645,#2646,#2647,#2648,#2649,#2650,
#2651,#2652));
#378=EDGE_LOOP('',(#2653,#2654,#2655,#2656));
#379=EDGE_LOOP('',(#2657,#2658,#2659,#2660));
#380=EDGE_LOOP('',(#2661,#2662,#2663,#2664));
#381=EDGE_LOOP('',(#2665,#2666,#2667,#2668));
#382=EDGE_LOOP('',(#2669,#2670,#2671,#2672,#2673,#2674,#2675,#2676,#2677,
#2678,#2679,#2680));
#383=EDGE_LOOP('',(#2681,#2682,#2683,#2684));
#384=EDGE_LOOP('',(#2685,#2686,#2687,#2688,#2689,#2690));
#385=EDGE_LOOP('',(#2691,#2692,#2693,#2694));
#386=EDGE_LOOP('',(#2695,#2696,#2697,#2698,#2699,#2700,#2701,#2702));
#387=EDGE_LOOP('',(#2703,#2704,#2705,#2706,#2707,#2708,#2709,#2710,#2711,
#2712,#2713,#2714));
#388=EDGE_LOOP('',(#2715,#2716,#2717,#2718));
#389=EDGE_LOOP('',(#2719,#2720,#2721,#2722));
#390=EDGE_LOOP('',(#2723,#2724,#2725,#2726));
#391=EDGE_LOOP('',(#2727,#2728,#2729,#2730));
#392=EDGE_LOOP('',(#2731,#2732,#2733,#2734,#2735));
#393=EDGE_LOOP('',(#2736,#2737,#2738,#2739));
#394=EDGE_LOOP('',(#2740,#2741,#2742,#2743));
#395=EDGE_LOOP('',(#2744,#2745,#2746,#2747,#2748,#2749,#2750,#2751));
#396=EDGE_LOOP('',(#2752,#2753,#2754,#2755));
#397=EDGE_LOOP('',(#2756,#2757,#2758,#2759,#2760,#2761,#2762,#2763,#2764,
#2765,#2766,#2767,#2768,#2769,#2770,#2771,#2772,#2773,#2774,#2775,#2776,
#2777,#2778,#2779,#2780,#2781,#2782,#2783,#2784,#2785,#2786,#2787,#2788,
#2789,#2790,#2791));
#398=EDGE_LOOP('',(#2792,#2793,#2794,#2795));
#399=EDGE_LOOP('',(#2796,#2797,#2798,#2799));
#400=EDGE_LOOP('',(#2800,#2801,#2802,#2803));
#401=EDGE_LOOP('',(#2804,#2805,#2806,#2807));
#402=EDGE_LOOP('',(#2808,#2809,#2810,#2811));
#403=EDGE_LOOP('',(#2812,#2813,#2814,#2815,#2816,#2817,#2818,#2819,#2820,
#2821,#2822,#2823,#2824,#2825,#2826,#2827,#2828,#2829,#2830,#2831,#2832,
#2833,#2834,#2835,#2836,#2837,#2838,#2839));
#404=EDGE_LOOP('',(#2840,#2841,#2842,#2843,#2844,#2845,#2846,#2847));
#405=EDGE_LOOP('',(#2848,#2849,#2850,#2851,#2852,#2853,#2854,#2855,#2856,
#2857,#2858));
#406=EDGE_LOOP('',(#2859,#2860,#2861,#2862));
#407=EDGE_LOOP('',(#2863,#2864,#2865,#2866));
#408=EDGE_LOOP('',(#2867,#2868,#2869,#2870,#2871,#2872,#2873,#2874));
#409=EDGE_LOOP('',(#2875,#2876,#2877,#2878,#2879,#2880,#2881,#2882,#2883,
#2884,#2885));
#410=EDGE_LOOP('',(#2886,#2887,#2888,#2889));
#411=EDGE_LOOP('',(#2890,#2891,#2892,#2893));
#412=EDGE_LOOP('',(#2894,#2895,#2896,#2897));
#413=EDGE_LOOP('',(#2898,#2899,#2900,#2901));
#414=EDGE_LOOP('',(#2902,#2903,#2904,#2905));
#415=EDGE_LOOP('',(#2906,#2907,#2908,#2909));
#416=EDGE_LOOP('',(#2910,#2911,#2912,#2913));
#417=EDGE_LOOP('',(#2914,#2915,#2916,#2917));
#418=EDGE_LOOP('',(#2918,#2919,#2920,#2921));
#419=EDGE_LOOP('',(#2922,#2923,#2924,#2925));
#420=EDGE_LOOP('',(#2926,#2927,#2928,#2929));
#421=EDGE_LOOP('',(#2930,#2931,#2932,#2933));
#422=EDGE_LOOP('',(#2934,#2935,#2936,#2937));
#423=EDGE_LOOP('',(#2938,#2939,#2940,#2941));
#424=EDGE_LOOP('',(#2942,#2943,#2944,#2945));
#425=EDGE_LOOP('',(#2946,#2947,#2948,#2949));
#426=EDGE_LOOP('',(#2950,#2951,#2952,#2953));
#427=EDGE_LOOP('',(#2954,#2955,#2956,#2957));
#428=EDGE_LOOP('',(#2958,#2959,#2960,#2961));
#429=EDGE_LOOP('',(#2962,#2963,#2964,#2965));
#430=EDGE_LOOP('',(#2966,#2967,#2968,#2969));
#431=EDGE_LOOP('',(#2970,#2971,#2972,#2973));
#432=EDGE_LOOP('',(#2974,#2975,#2976,#2977));
#433=EDGE_LOOP('',(#2978,#2979,#2980,#2981));
#434=EDGE_LOOP('',(#2982,#2983,#2984,#2985));
#435=EDGE_LOOP('',(#2986,#2987,#2988,#2989));
#436=EDGE_LOOP('',(#2990,#2991,#2992,#2993));
#437=EDGE_LOOP('',(#2994,#2995,#2996,#2997,#2998,#2999,#3000,#3001,#3002,
#3003,#3004));
#438=EDGE_LOOP('',(#3005,#3006,#3007,#3008,#3009,#3010,#3011,#3012,#3013,
#3014,#3015));
#439=EDGE_LOOP('',(#3016,#3017,#3018,#3019,#3020,#3021,#3022,#3023));
#440=EDGE_LOOP('',(#3024,#3025,#3026,#3027,#3028,#3029,#3030,#3031));
#441=EDGE_LOOP('',(#3032,#3033,#3034,#3035));
#442=EDGE_LOOP('',(#3036,#3037,#3038,#3039));
#443=EDGE_LOOP('',(#3040,#3041,#3042,#3043));
#444=EDGE_LOOP('',(#3044,#3045,#3046,#3047));
#445=EDGE_LOOP('',(#3048,#3049,#3050,#3051));
#446=EDGE_LOOP('',(#3052,#3053,#3054,#3055));
#447=EDGE_LOOP('',(#3056,#3057,#3058,#3059));
#448=EDGE_LOOP('',(#3060,#3061,#3062,#3063));
#449=EDGE_LOOP('',(#3064,#3065,#3066,#3067));
#450=EDGE_LOOP('',(#3068,#3069,#3070,#3071));
#451=EDGE_LOOP('',(#3072,#3073,#3074,#3075));
#452=EDGE_LOOP('',(#3076,#3077,#3078,#3079));
#453=LINE('',#4433,#906);
#454=LINE('',#4435,#907);
#455=LINE('',#4437,#908);
#456=LINE('',#4438,#909);
#457=LINE('',#4442,#910);
#458=LINE('',#4444,#911);
#459=LINE('',#4446,#912);
#460=LINE('',#4448,#913);
#461=LINE('',#4450,#914);
#462=LINE('',#4454,#915);
#463=LINE('',#4456,#916);
#464=LINE('',#4458,#917);
#465=LINE('',#4460,#918);
#466=LINE('',#4462,#919);
#467=LINE('',#4463,#920);
#468=LINE('',#4467,#921);
#469=LINE('',#4469,#922);
#470=LINE('',#4471,#923);
#471=LINE('',#4472,#924);
#472=LINE('',#4476,#925);
#473=LINE('',#4478,#926);
#474=LINE('',#4480,#927);
#475=LINE('',#4481,#928);
#476=LINE('',#4484,#929);
#477=LINE('',#4486,#930);
#478=LINE('',#4487,#931);
#479=LINE('',#4491,#932);
#480=LINE('',#4493,#933);
#481=LINE('',#4495,#934);
#482=LINE('',#4496,#935);
#483=LINE('',#4499,#936);
#484=LINE('',#4501,#937);
#485=LINE('',#4502,#938);
#486=LINE('',#4505,#939);
#487=LINE('',#4510,#940);
#488=LINE('',#4512,#941);
#489=LINE('',#4514,#942);
#490=LINE('',#4515,#943);
#491=LINE('',#4517,#944);
#492=LINE('',#4518,#945);
#493=LINE('',#4522,#946);
#494=LINE('',#4523,#947);
#495=LINE('',#4524,#948);
#496=LINE('',#4528,#949);
#497=LINE('',#4530,#950);
#498=LINE('',#4532,#951);
#499=LINE('',#4534,#952);
#500=LINE('',#4536,#953);
#501=LINE('',#4538,#954);
#502=LINE('',#4540,#955);
#503=LINE('',#4541,#956);
#504=LINE('',#4545,#957);
#505=LINE('',#4547,#958);
#506=LINE('',#4549,#959);
#507=LINE('',#4550,#960);
#508=LINE('',#4554,#961);
#509=LINE('',#4556,#962);
#510=LINE('',#4558,#963);
#511=LINE('',#4560,#964);
#512=LINE('',#4562,#965);
#513=LINE('',#4564,#966);
#514=LINE('',#4566,#967);
#515=LINE('',#4568,#968);
#516=LINE('',#4570,#969);
#517=LINE('',#4571,#970);
#518=LINE('',#4575,#971);
#519=LINE('',#4577,#972);
#520=LINE('',#4579,#973);
#521=LINE('',#4580,#974);
#522=LINE('',#4584,#975);
#523=LINE('',#4585,#976);
#524=LINE('',#4586,#977);
#525=LINE('',#4590,#978);
#526=LINE('',#4592,#979);
#527=LINE('',#4594,#980);
#528=LINE('',#4595,#981);
#529=LINE('',#4599,#982);
#530=LINE('',#4601,#983);
#531=LINE('',#4603,#984);
#532=LINE('',#4604,#985);
#533=LINE('',#4608,#986);
#534=LINE('',#4609,#987);
#535=LINE('',#4610,#988);
#536=LINE('',#4613,#989);
#537=LINE('',#4615,#990);
#538=LINE('',#4616,#991);
#539=LINE('',#4620,#992);
#540=LINE('',#4622,#993);
#541=LINE('',#4624,#994);
#542=LINE('',#4625,#995);
#543=LINE('',#4629,#996);
#544=LINE('',#4631,#997);
#545=LINE('',#4633,#998);
#546=LINE('',#4634,#999);
#547=LINE('',#4638,#1000);
#548=LINE('',#4640,#1001);
#549=LINE('',#4641,#1002);
#550=LINE('',#4643,#1003);
#551=LINE('',#4645,#1004);
#552=LINE('',#4649,#1005);
#553=LINE('',#4651,#1006);
#554=LINE('',#4653,#1007);
#555=LINE('',#4655,#1008);
#556=LINE('',#4656,#1009);
#557=LINE('',#4660,#1010);
#558=LINE('',#4662,#1011);
#559=LINE('',#4664,#1012);
#560=LINE('',#4665,#1013);
#561=LINE('',#4669,#1014);
#562=LINE('',#4671,#1015);
#563=LINE('',#4673,#1016);
#564=LINE('',#4674,#1017);
#565=LINE('',#4677,#1018);
#566=LINE('',#4679,#1019);
#567=LINE('',#4680,#1020);
#568=LINE('',#4684,#1021);
#569=LINE('',#4686,#1022);
#570=LINE('',#4688,#1023);
#571=LINE('',#4692,#1024);
#572=LINE('',#4694,#1025);
#573=LINE('',#4696,#1026);
#574=LINE('',#4697,#1027);
#575=LINE('',#4701,#1028);
#576=LINE('',#4703,#1029);
#577=LINE('',#4705,#1030);
#578=LINE('',#4706,#1031);
#579=LINE('',#4710,#1032);
#580=LINE('',#4711,#1033);
#581=LINE('',#4713,#1034);
#582=LINE('',#4714,#1035);
#583=LINE('',#4717,#1036);
#584=LINE('',#4718,#1037);
#585=LINE('',#4719,#1038);
#586=LINE('',#4722,#1039);
#587=LINE('',#4723,#1040);
#588=LINE('',#4726,#1041);
#589=LINE('',#4728,#1042);
#590=LINE('',#4729,#1043);
#591=LINE('',#4733,#1044);
#592=LINE('',#4737,#1045);
#593=LINE('',#4742,#1046);
#594=LINE('',#4746,#1047);
#595=LINE('',#4750,#1048);
#596=LINE('',#4752,#1049);
#597=LINE('',#4753,#1050);
#598=LINE('',#4755,#1051);
#599=LINE('',#4756,#1052);
#600=LINE('',#4760,#1053);
#601=LINE('',#4762,#1054);
#602=LINE('',#4764,#1055);
#603=LINE('',#4765,#1056);
#604=LINE('',#4769,#1057);
#605=LINE('',#4771,#1058);
#606=LINE('',#4773,#1059);
#607=LINE('',#4775,#1060);
#608=LINE('',#4777,#1061);
#609=LINE('',#4779,#1062);
#610=LINE('',#4781,#1063);
#611=LINE('',#4782,#1064);
#612=LINE('',#4784,#1065);
#613=LINE('',#4786,#1066);
#614=LINE('',#4787,#1067);
#615=LINE('',#4789,#1068);
#616=LINE('',#4791,#1069);
#617=LINE('',#4792,#1070);
#618=LINE('',#4795,#1071);
#619=LINE('',#4797,#1072);
#620=LINE('',#4799,#1073);
#621=LINE('',#4800,#1074);
#622=LINE('',#4802,#1075);
#623=LINE('',#4804,#1076);
#624=LINE('',#4806,#1077);
#625=LINE('',#4808,#1078);
#626=LINE('',#4810,#1079);
#627=LINE('',#4811,#1080);
#628=LINE('',#4814,#1081);
#629=LINE('',#4815,#1082);
#630=LINE('',#4818,#1083);
#631=LINE('',#4819,#1084);
#632=LINE('',#4823,#1085);
#633=LINE('',#4824,#1086);
#634=LINE('',#4825,#1087);
#635=LINE('',#4827,#1088);
#636=LINE('',#4829,#1089);
#637=LINE('',#4831,#1090);
#638=LINE('',#4833,#1091);
#639=LINE('',#4834,#1092);
#640=LINE('',#4836,#1093);
#641=LINE('',#4838,#1094);
#642=LINE('',#4839,#1095);
#643=LINE('',#4842,#1096);
#644=LINE('',#4843,#1097);
#645=LINE('',#4847,#1098);
#646=LINE('',#4848,#1099);
#647=LINE('',#4849,#1100);
#648=LINE('',#4852,#1101);
#649=LINE('',#4854,#1102);
#650=LINE('',#4855,#1103);
#651=LINE('',#4858,#1104);
#652=LINE('',#4860,#1105);
#653=LINE('',#4862,#1106);
#654=LINE('',#4863,#1107);
#655=LINE('',#4865,#1108);
#656=LINE('',#4866,#1109);
#657=LINE('',#4868,#1110);
#658=LINE('',#4870,#1111);
#659=LINE('',#4871,#1112);
#660=LINE('',#4872,#1113);
#661=LINE('',#4874,#1114);
#662=LINE('',#4876,#1115);
#663=LINE('',#4877,#1116);
#664=LINE('',#4878,#1117);
#665=LINE('',#4879,#1118);
#666=LINE('',#4882,#1119);
#667=LINE('',#4883,#1120);
#668=LINE('',#4885,#1121);
#669=LINE('',#4886,#1122);
#670=LINE('',#4889,#1123);
#671=LINE('',#4890,#1124);
#672=LINE('',#4893,#1125);
#673=LINE('',#4894,#1126);
#674=LINE('',#4896,#1127);
#675=LINE('',#4900,#1128);
#676=LINE('',#4901,#1129);
#677=LINE('',#4903,#1130);
#678=LINE('',#4904,#1131);
#679=LINE('',#4907,#1132);
#680=LINE('',#4908,#1133);
#681=LINE('',#4911,#1134);
#682=LINE('',#4913,#1135);
#683=LINE('',#4915,#1136);
#684=LINE('',#4916,#1137);
#685=LINE('',#4920,#1138);
#686=LINE('',#4922,#1139);
#687=LINE('',#4924,#1140);
#688=LINE('',#4925,#1141);
#689=LINE('',#4928,#1142);
#690=LINE('',#4930,#1143);
#691=LINE('',#4931,#1144);
#692=LINE('',#4934,#1145);
#693=LINE('',#4935,#1146);
#694=LINE('',#4936,#1147);
#695=LINE('',#4939,#1148);
#696=LINE('',#4941,#1149);
#697=LINE('',#4943,#1150);
#698=LINE('',#4944,#1151);
#699=LINE('',#4947,#1152);
#700=LINE('',#4949,#1153);
#701=LINE('',#4950,#1154);
#702=LINE('',#4952,#1155);
#703=LINE('',#4953,#1156);
#704=LINE('',#4955,#1157);
#705=LINE('',#4956,#1158);
#706=LINE('',#4958,#1159);
#707=LINE('',#4960,#1160);
#708=LINE('',#4961,#1161);
#709=LINE('',#4964,#1162);
#710=LINE('',#4966,#1163);
#711=LINE('',#4967,#1164);
#712=LINE('',#4971,#1165);
#713=LINE('',#4973,#1166);
#714=LINE('',#4975,#1167);
#715=LINE('',#4976,#1168);
#716=LINE('',#4978,#1169);
#717=LINE('',#4979,#1170);
#718=LINE('',#4982,#1171);
#719=LINE('',#4984,#1172);
#720=LINE('',#4985,#1173);
#721=LINE('',#4988,#1174);
#722=LINE('',#4990,#1175);
#723=LINE('',#4991,#1176);
#724=LINE('',#4992,#1177);
#725=LINE('',#4993,#1178);
#726=LINE('',#4994,#1179);
#727=LINE('',#4995,#1180);
#728=LINE('',#4996,#1181);
#729=LINE('',#4999,#1182);
#730=LINE('',#5001,#1183);
#731=LINE('',#5002,#1184);
#732=LINE('',#5004,#1185);
#733=LINE('',#5006,#1186);
#734=LINE('',#5007,#1187);
#735=LINE('',#5010,#1188);
#736=LINE('',#5011,#1189);
#737=LINE('',#5013,#1190);
#738=LINE('',#5014,#1191);
#739=LINE('',#5017,#1192);
#740=LINE('',#5018,#1193);
#741=LINE('',#5022,#1194);
#742=LINE('',#5024,#1195);
#743=LINE('',#5026,#1196);
#744=LINE('',#5027,#1197);
#745=LINE('',#5029,#1198);
#746=LINE('',#5031,#1199);
#747=LINE('',#5032,#1200);
#748=LINE('',#5036,#1201);
#749=LINE('',#5037,#1202);
#750=LINE('',#5038,#1203);
#751=LINE('',#5041,#1204);
#752=LINE('',#5043,#1205);
#753=LINE('',#5044,#1206);
#754=LINE('',#5047,#1207);
#755=LINE('',#5048,#1208);
#756=LINE('',#5050,#1209);
#757=LINE('',#5051,#1210);
#758=LINE('',#5052,#1211);
#759=LINE('',#5054,#1212);
#760=LINE('',#5057,#1213);
#761=LINE('',#5058,#1214);
#762=LINE('',#5059,#1215);
#763=LINE('',#5060,#1216);
#764=LINE('',#5062,#1217);
#765=LINE('',#5065,#1218);
#766=LINE('',#5066,#1219);
#767=LINE('',#5068,#1220);
#768=LINE('',#5072,#1221);
#769=LINE('',#5073,#1222);
#770=LINE('',#5074,#1223);
#771=LINE('',#5076,#1224);
#772=LINE('',#5078,#1225);
#773=LINE('',#5080,#1226);
#774=LINE('',#5082,#1227);
#775=LINE('',#5084,#1228);
#776=LINE('',#5085,#1229);
#777=LINE('',#5088,#1230);
#778=LINE('',#5089,#1231);
#779=LINE('',#5090,#1232);
#780=LINE('',#5091,#1233);
#781=LINE('',#5096,#1234);
#782=LINE('',#5098,#1235);
#783=LINE('',#5099,#1236);
#784=LINE('',#5101,#1237);
#785=LINE('',#5103,#1238);
#786=LINE('',#5105,#1239);
#787=LINE('',#5107,#1240);
#788=LINE('',#5111,#1241);
#789=LINE('',#5112,#1242);
#790=LINE('',#5116,#1243);
#791=LINE('',#5117,#1244);
#792=LINE('',#5118,#1245);
#793=LINE('',#5120,#1246);
#794=LINE('',#5123,#1247);
#795=LINE('',#5125,#1248);
#796=LINE('',#5126,#1249);
#797=LINE('',#5128,#1250);
#798=LINE('',#5129,#1251);
#799=LINE('',#5132,#1252);
#800=LINE('',#5135,#1253);
#801=LINE('',#5137,#1254);
#802=LINE('',#5139,#1255);
#803=LINE('',#5140,#1256);
#804=LINE('',#5142,#1257);
#805=LINE('',#5144,#1258);
#806=LINE('',#5146,#1259);
#807=LINE('',#5147,#1260);
#808=LINE('',#5150,#1261);
#809=LINE('',#5154,#1262);
#810=LINE('',#5156,#1263);
#811=LINE('',#5157,#1264);
#812=LINE('',#5159,#1265);
#813=LINE('',#5160,#1266);
#814=LINE('',#5162,#1267);
#815=LINE('',#5163,#1268);
#816=LINE('',#5167,#1269);
#817=LINE('',#5168,#1270);
#818=LINE('',#5169,#1271);
#819=LINE('',#5170,#1272);
#820=LINE('',#5171,#1273);
#821=LINE('',#5172,#1274);
#822=LINE('',#5173,#1275);
#823=LINE('',#5177,#1276);
#824=LINE('',#5178,#1277);
#825=LINE('',#5181,#1278);
#826=LINE('',#5185,#1279);
#827=LINE('',#5187,#1280);
#828=LINE('',#5188,#1281);
#829=LINE('',#5190,#1282);
#830=LINE('',#5192,#1283);
#831=LINE('',#5193,#1284);
#832=LINE('',#5197,#1285);
#833=LINE('',#5198,#1286);
#834=LINE('',#5200,#1287);
#835=LINE('',#5202,#1288);
#836=LINE('',#5203,#1289);
#837=LINE('',#5204,#1290);
#838=LINE('',#5207,#1291);
#839=LINE('',#5209,#1292);
#840=LINE('',#5213,#1293);
#841=LINE('',#5217,#1294);
#842=LINE('',#5218,#1295);
#843=LINE('',#5221,#1296);
#844=LINE('',#5222,#1297);
#845=LINE('',#5225,#1298);
#846=LINE('',#5226,#1299);
#847=LINE('',#5228,#1300);
#848=LINE('',#5229,#1301);
#849=LINE('',#5232,#1302);
#850=LINE('',#5237,#1303);
#851=LINE('',#5240,#1304);
#852=LINE('',#5242,#1305);
#853=LINE('',#5244,#1306);
#854=LINE('',#5245,#1307);
#855=LINE('',#5248,#1308);
#856=LINE('',#5249,#1309);
#857=LINE('',#5252,#1310);
#858=LINE('',#5253,#1311);
#859=LINE('',#5255,#1312);
#860=LINE('',#5262,#1313);
#861=LINE('',#5263,#1314);
#862=LINE('',#5266,#1315);
#863=LINE('',#5267,#1316);
#864=LINE('',#5269,#1317);
#865=LINE('',#5272,#1318);
#866=LINE('',#5273,#1319);
#867=LINE('',#5275,#1320);
#868=LINE('',#5277,#1321);
#869=LINE('',#5281,#1322);
#870=LINE('',#5283,#1323);
#871=LINE('',#5284,#1324);
#872=LINE('',#5287,#1325);
#873=LINE('',#5289,#1326);
#874=LINE('',#5291,#1327);
#875=LINE('',#5292,#1328);
#876=LINE('',#5295,#1329);
#877=LINE('',#5297,#1330);
#878=LINE('',#5298,#1331);
#879=LINE('',#5301,#1332);
#880=LINE('',#5302,#1333);
#881=LINE('',#5303,#1334);
#882=LINE('',#5305,#1335);
#883=LINE('',#5307,#1336);
#884=LINE('',#5308,#1337);
#885=LINE('',#5312,#1338);
#886=LINE('',#5317,#1339);
#887=LINE('',#5319,#1340);
#888=LINE('',#5320,#1341);
#889=LINE('',#5325,#1342);
#890=LINE('',#5328,#1343);
#891=LINE('',#5329,#1344);
#892=LINE('',#5333,#1345);
#893=LINE('',#5334,#1346);
#894=LINE('',#5336,#1347);
#895=LINE('',#5338,#1348);
#896=LINE('',#5342,#1349);
#897=LINE('',#5347,#1350);
#898=LINE('',#5348,#1351);
#899=LINE('',#5351,#1352);
#900=LINE('',#5352,#1353);
#901=LINE('',#5353,#1354);
#902=LINE('',#5355,#1355);
#903=LINE('',#5357,#1356);
#904=LINE('',#5362,#1357);
#905=LINE('',#5363,#1358);
#906=VECTOR('',#3604,1.);
#907=VECTOR('',#3605,1.);
#908=VECTOR('',#3606,1.);
#909=VECTOR('',#3607,1.);
#910=VECTOR('',#3610,1.);
#911=VECTOR('',#3611,1.);
#912=VECTOR('',#3612,1.);
#913=VECTOR('',#3613,1.);
#914=VECTOR('',#3614,1.);
#915=VECTOR('',#3617,1.);
#916=VECTOR('',#3618,1.);
#917=VECTOR('',#3619,1.);
#918=VECTOR('',#3620,1.);
#919=VECTOR('',#3621,1.);
#920=VECTOR('',#3622,1.);
#921=VECTOR('',#3625,1.);
#922=VECTOR('',#3626,1.);
#923=VECTOR('',#3627,1.);
#924=VECTOR('',#3628,1.);
#925=VECTOR('',#3631,1.);
#926=VECTOR('',#3632,1.);
#927=VECTOR('',#3633,1.);
#928=VECTOR('',#3634,1.);
#929=VECTOR('',#3637,1.);
#930=VECTOR('',#3638,1.);
#931=VECTOR('',#3639,1.);
#932=VECTOR('',#3642,1.);
#933=VECTOR('',#3643,1.);
#934=VECTOR('',#3644,1.);
#935=VECTOR('',#3645,1.);
#936=VECTOR('',#3648,1.);
#937=VECTOR('',#3649,1.);
#938=VECTOR('',#3650,1.);
#939=VECTOR('',#3653,1.);
#940=VECTOR('',#3658,1.);
#941=VECTOR('',#3659,1.);
#942=VECTOR('',#3660,1.);
#943=VECTOR('',#3661,1.);
#944=VECTOR('',#3662,1.);
#945=VECTOR('',#3663,1.);
#946=VECTOR('',#3666,1.);
#947=VECTOR('',#3667,1.);
#948=VECTOR('',#3668,1.);
#949=VECTOR('',#3671,1.);
#950=VECTOR('',#3672,1.);
#951=VECTOR('',#3673,1.);
#952=VECTOR('',#3674,1.);
#953=VECTOR('',#3675,1.);
#954=VECTOR('',#3676,1.);
#955=VECTOR('',#3677,1.);
#956=VECTOR('',#3678,1.);
#957=VECTOR('',#3681,1.);
#958=VECTOR('',#3682,1.);
#959=VECTOR('',#3683,1.);
#960=VECTOR('',#3684,1.);
#961=VECTOR('',#3687,1.);
#962=VECTOR('',#3688,1.);
#963=VECTOR('',#3689,1.);
#964=VECTOR('',#3690,1.);
#965=VECTOR('',#3691,1.);
#966=VECTOR('',#3692,1.);
#967=VECTOR('',#3693,1.);
#968=VECTOR('',#3694,1.);
#969=VECTOR('',#3695,1.);
#970=VECTOR('',#3696,1.);
#971=VECTOR('',#3699,1.);
#972=VECTOR('',#3700,1.);
#973=VECTOR('',#3701,1.);
#974=VECTOR('',#3702,1.);
#975=VECTOR('',#3705,1.);
#976=VECTOR('',#3706,1.);
#977=VECTOR('',#3707,1.);
#978=VECTOR('',#3710,1.);
#979=VECTOR('',#3711,1.);
#980=VECTOR('',#3712,1.);
#981=VECTOR('',#3713,1.);
#982=VECTOR('',#3716,1.);
#983=VECTOR('',#3717,1.);
#984=VECTOR('',#3718,1.);
#985=VECTOR('',#3719,1.);
#986=VECTOR('',#3722,1.);
#987=VECTOR('',#3723,1.);
#988=VECTOR('',#3724,1.);
#989=VECTOR('',#3727,1.);
#990=VECTOR('',#3728,1.);
#991=VECTOR('',#3729,1.);
#992=VECTOR('',#3732,1.);
#993=VECTOR('',#3733,1.);
#994=VECTOR('',#3734,1.);
#995=VECTOR('',#3735,1.);
#996=VECTOR('',#3738,1.);
#997=VECTOR('',#3739,1.);
#998=VECTOR('',#3740,1.);
#999=VECTOR('',#3741,1.);
#1000=VECTOR('',#3744,1.);
#1001=VECTOR('',#3745,1.);
#1002=VECTOR('',#3746,1.);
#1003=VECTOR('',#3747,1.);
#1004=VECTOR('',#3748,1.);
#1005=VECTOR('',#3751,1.);
#1006=VECTOR('',#3752,1.);
#1007=VECTOR('',#3753,1.);
#1008=VECTOR('',#3754,1.);
#1009=VECTOR('',#3755,1.);
#1010=VECTOR('',#3758,1.);
#1011=VECTOR('',#3759,1.);
#1012=VECTOR('',#3760,1.);
#1013=VECTOR('',#3761,1.);
#1014=VECTOR('',#3764,1.);
#1015=VECTOR('',#3765,1.);
#1016=VECTOR('',#3766,1.);
#1017=VECTOR('',#3767,1.);
#1018=VECTOR('',#3770,1.);
#1019=VECTOR('',#3771,1.);
#1020=VECTOR('',#3772,1.);
#1021=VECTOR('',#3775,1.);
#1022=VECTOR('',#3776,1.);
#1023=VECTOR('',#3777,1.);
#1024=VECTOR('',#3780,1.);
#1025=VECTOR('',#3781,1.);
#1026=VECTOR('',#3782,1.);
#1027=VECTOR('',#3783,1.);
#1028=VECTOR('',#3786,1.);
#1029=VECTOR('',#3787,1.);
#1030=VECTOR('',#3788,1.);
#1031=VECTOR('',#3789,1.);
#1032=VECTOR('',#3792,1.);
#1033=VECTOR('',#3793,1.);
#1034=VECTOR('',#3794,1.);
#1035=VECTOR('',#3795,1.);
#1036=VECTOR('',#3798,1.);
#1037=VECTOR('',#3799,1.);
#1038=VECTOR('',#3800,1.);
#1039=VECTOR('',#3803,1.);
#1040=VECTOR('',#3804,1.);
#1041=VECTOR('',#3807,1.);
#1042=VECTOR('',#3808,1.);
#1043=VECTOR('',#3809,1.);
#1044=VECTOR('',#3812,1.);
#1045=VECTOR('',#3815,1.);
#1046=VECTOR('',#3820,1.);
#1047=VECTOR('',#3823,1.);
#1048=VECTOR('',#3828,1.);
#1049=VECTOR('',#3829,1.);
#1050=VECTOR('',#3830,1.);
#1051=VECTOR('',#3833,1.);
#1052=VECTOR('',#3834,1.);
#1053=VECTOR('',#3837,1.);
#1054=VECTOR('',#3838,1.);
#1055=VECTOR('',#3839,1.);
#1056=VECTOR('',#3840,1.);
#1057=VECTOR('',#3843,1.);
#1058=VECTOR('',#3844,1.);
#1059=VECTOR('',#3845,1.);
#1060=VECTOR('',#3846,1.);
#1061=VECTOR('',#3847,1.);
#1062=VECTOR('',#3848,1.);
#1063=VECTOR('',#3849,1.);
#1064=VECTOR('',#3850,1.);
#1065=VECTOR('',#3851,1.);
#1066=VECTOR('',#3852,1.);
#1067=VECTOR('',#3853,1.);
#1068=VECTOR('',#3854,1.);
#1069=VECTOR('',#3855,1.);
#1070=VECTOR('',#3856,1.);
#1071=VECTOR('',#3857,1.);
#1072=VECTOR('',#3858,1.);
#1073=VECTOR('',#3859,1.);
#1074=VECTOR('',#3860,1.);
#1075=VECTOR('',#3863,1.);
#1076=VECTOR('',#3864,1.);
#1077=VECTOR('',#3865,1.);
#1078=VECTOR('',#3866,1.);
#1079=VECTOR('',#3867,1.);
#1080=VECTOR('',#3868,1.);
#1081=VECTOR('',#3871,1.);
#1082=VECTOR('',#3872,1.);
#1083=VECTOR('',#3875,1.);
#1084=VECTOR('',#3876,1.);
#1085=VECTOR('',#3879,1.);
#1086=VECTOR('',#3880,1.);
#1087=VECTOR('',#3881,1.);
#1088=VECTOR('',#3882,1.);
#1089=VECTOR('',#3883,1.);
#1090=VECTOR('',#3884,1.);
#1091=VECTOR('',#3885,1.);
#1092=VECTOR('',#3886,1.);
#1093=VECTOR('',#3889,1.);
#1094=VECTOR('',#3890,1.);
#1095=VECTOR('',#3891,1.);
#1096=VECTOR('',#3894,1.);
#1097=VECTOR('',#3895,1.);
#1098=VECTOR('',#3898,1.);
#1099=VECTOR('',#3899,1.);
#1100=VECTOR('',#3900,1.);
#1101=VECTOR('',#3903,1.);
#1102=VECTOR('',#3904,1.);
#1103=VECTOR('',#3905,1.);
#1104=VECTOR('',#3908,1.);
#1105=VECTOR('',#3909,1.);
#1106=VECTOR('',#3910,1.);
#1107=VECTOR('',#3911,1.);
#1108=VECTOR('',#3912,1.);
#1109=VECTOR('',#3913,1.);
#1110=VECTOR('',#3914,1.);
#1111=VECTOR('',#3915,1.);
#1112=VECTOR('',#3916,1.);
#1113=VECTOR('',#3917,1.);
#1114=VECTOR('',#3918,1.);
#1115=VECTOR('',#3919,1.);
#1116=VECTOR('',#3920,1.);
#1117=VECTOR('',#3921,1.);
#1118=VECTOR('',#3922,1.);
#1119=VECTOR('',#3925,1.);
#1120=VECTOR('',#3926,1.);
#1121=VECTOR('',#3927,1.);
#1122=VECTOR('',#3928,1.);
#1123=VECTOR('',#3931,1.);
#1124=VECTOR('',#3932,1.);
#1125=VECTOR('',#3935,1.);
#1126=VECTOR('',#3936,1.);
#1127=VECTOR('',#3937,1.);
#1128=VECTOR('',#3940,1.);
#1129=VECTOR('',#3941,1.);
#1130=VECTOR('',#3942,1.);
#1131=VECTOR('',#3943,1.);
#1132=VECTOR('',#3946,1.);
#1133=VECTOR('',#3947,1.);
#1134=VECTOR('',#3950,1.);
#1135=VECTOR('',#3951,1.);
#1136=VECTOR('',#3952,1.);
#1137=VECTOR('',#3953,1.);
#1138=VECTOR('',#3956,1.);
#1139=VECTOR('',#3957,1.);
#1140=VECTOR('',#3958,1.);
#1141=VECTOR('',#3959,1.);
#1142=VECTOR('',#3962,1.);
#1143=VECTOR('',#3963,1.);
#1144=VECTOR('',#3964,1.);
#1145=VECTOR('',#3967,1.);
#1146=VECTOR('',#3968,1.);
#1147=VECTOR('',#3969,1.);
#1148=VECTOR('',#3972,1.);
#1149=VECTOR('',#3973,1.);
#1150=VECTOR('',#3974,1.);
#1151=VECTOR('',#3975,1.);
#1152=VECTOR('',#3978,1.);
#1153=VECTOR('',#3979,1.);
#1154=VECTOR('',#3980,1.);
#1155=VECTOR('',#3983,1.);
#1156=VECTOR('',#3984,1.);
#1157=VECTOR('',#3987,1.);
#1158=VECTOR('',#3988,1.);
#1159=VECTOR('',#3991,1.);
#1160=VECTOR('',#3992,1.);
#1161=VECTOR('',#3993,1.);
#1162=VECTOR('',#3996,1.);
#1163=VECTOR('',#3997,1.);
#1164=VECTOR('',#3998,1.);
#1165=VECTOR('',#4001,1.);
#1166=VECTOR('',#4002,1.);
#1167=VECTOR('',#4003,1.);
#1168=VECTOR('',#4004,1.);
#1169=VECTOR('',#4007,1.);
#1170=VECTOR('',#4008,1.);
#1171=VECTOR('',#4011,1.);
#1172=VECTOR('',#4012,1.);
#1173=VECTOR('',#4013,1.);
#1174=VECTOR('',#4016,1.);
#1175=VECTOR('',#4017,1.);
#1176=VECTOR('',#4018,1.);
#1177=VECTOR('',#4019,1.);
#1178=VECTOR('',#4020,1.);
#1179=VECTOR('',#4021,1.);
#1180=VECTOR('',#4022,1.);
#1181=VECTOR('',#4023,1.);
#1182=VECTOR('',#4026,1.);
#1183=VECTOR('',#4027,1.);
#1184=VECTOR('',#4028,1.);
#1185=VECTOR('',#4029,1.);
#1186=VECTOR('',#4030,1.);
#1187=VECTOR('',#4031,1.);
#1188=VECTOR('',#4034,1.);
#1189=VECTOR('',#4035,1.);
#1190=VECTOR('',#4038,1.);
#1191=VECTOR('',#4039,1.);
#1192=VECTOR('',#4042,1.);
#1193=VECTOR('',#4043,1.);
#1194=VECTOR('',#4046,1.);
#1195=VECTOR('',#4047,1.);
#1196=VECTOR('',#4048,1.);
#1197=VECTOR('',#4049,1.);
#1198=VECTOR('',#4052,1.);
#1199=VECTOR('',#4053,1.);
#1200=VECTOR('',#4054,1.);
#1201=VECTOR('',#4057,1.);
#1202=VECTOR('',#4058,1.);
#1203=VECTOR('',#4059,1.);
#1204=VECTOR('',#4062,1.);
#1205=VECTOR('',#4063,1.);
#1206=VECTOR('',#4064,1.);
#1207=VECTOR('',#4067,1.);
#1208=VECTOR('',#4068,1.);
#1209=VECTOR('',#4071,1.);
#1210=VECTOR('',#4072,1.);
#1211=VECTOR('',#4073,1.);
#1212=VECTOR('',#4076,1.);
#1213=VECTOR('',#4079,1.);
#1214=VECTOR('',#4080,1.);
#1215=VECTOR('',#4081,1.);
#1216=VECTOR('',#4082,1.);
#1217=VECTOR('',#4085,1.);
#1218=VECTOR('',#4088,1.);
#1219=VECTOR('',#4089,1.);
#1220=VECTOR('',#4092,1.);
#1221=VECTOR('',#4095,1.);
#1222=VECTOR('',#4096,1.);
#1223=VECTOR('',#4097,1.);
#1224=VECTOR('',#4100,1.);
#1225=VECTOR('',#4103,1.);
#1226=VECTOR('',#4106,1.);
#1227=VECTOR('',#4109,1.);
#1228=VECTOR('',#4110,1.);
#1229=VECTOR('',#4111,1.);
#1230=VECTOR('',#4114,1.);
#1231=VECTOR('',#4115,1.);
#1232=VECTOR('',#4116,1.);
#1233=VECTOR('',#4117,1.);
#1234=VECTOR('',#4124,1.);
#1235=VECTOR('',#4125,1.);
#1236=VECTOR('',#4126,1.);
#1237=VECTOR('',#4129,1.);
#1238=VECTOR('',#4132,1.);
#1239=VECTOR('',#4133,1.);
#1240=VECTOR('',#4134,1.);
#1241=VECTOR('',#4139,1.);
#1242=VECTOR('',#4140,1.);
#1243=VECTOR('',#4143,1.);
#1244=VECTOR('',#4144,1.);
#1245=VECTOR('',#4145,1.);
#1246=VECTOR('',#4148,1.);
#1247=VECTOR('',#4151,1.);
#1248=VECTOR('',#4152,1.);
#1249=VECTOR('',#4153,1.);
#1250=VECTOR('',#4156,1.);
#1251=VECTOR('',#4157,1.);
#1252=VECTOR('',#4162,1.);
#1253=VECTOR('',#4167,1.);
#1254=VECTOR('',#4168,1.);
#1255=VECTOR('',#4169,1.);
#1256=VECTOR('',#4170,1.);
#1257=VECTOR('',#4173,1.);
#1258=VECTOR('',#4176,1.);
#1259=VECTOR('',#4179,1.);
#1260=VECTOR('',#4180,1.);
#1261=VECTOR('',#4185,1.);
#1262=VECTOR('',#4190,1.);
#1263=VECTOR('',#4191,1.);
#1264=VECTOR('',#4192,1.);
#1265=VECTOR('',#4195,1.);
#1266=VECTOR('',#4196,1.);
#1267=VECTOR('',#4199,1.);
#1268=VECTOR('',#4200,1.);
#1269=VECTOR('',#4205,1.);
#1270=VECTOR('',#4206,1.);
#1271=VECTOR('',#4207,1.);
#1272=VECTOR('',#4208,1.);
#1273=VECTOR('',#4209,1.);
#1274=VECTOR('',#4210,1.);
#1275=VECTOR('',#4211,1.);
#1276=VECTOR('',#4216,1.);
#1277=VECTOR('',#4217,1.);
#1278=VECTOR('',#4222,1.);
#1279=VECTOR('',#4227,1.);
#1280=VECTOR('',#4228,1.);
#1281=VECTOR('',#4229,1.);
#1282=VECTOR('',#4230,1.);
#1283=VECTOR('',#4231,1.);
#1284=VECTOR('',#4232,1.);
#1285=VECTOR('',#4235,1.);
#1286=VECTOR('',#4236,1.);
#1287=VECTOR('',#4237,1.);
#1288=VECTOR('',#4238,1.);
#1289=VECTOR('',#4239,1.);
#1290=VECTOR('',#4240,1.);
#1291=VECTOR('',#4243,1.);
#1292=VECTOR('',#4244,1.);
#1293=VECTOR('',#4249,1.);
#1294=VECTOR('',#4254,1.);
#1295=VECTOR('',#4255,1.);
#1296=VECTOR('',#4258,1.);
#1297=VECTOR('',#4259,1.);
#1298=VECTOR('',#4262,1.);
#1299=VECTOR('',#4263,1.);
#1300=VECTOR('',#4264,1.);
#1301=VECTOR('',#4265,1.);
#1302=VECTOR('',#4268,1.);
#1303=VECTOR('',#4277,1.);
#1304=VECTOR('',#4282,1.);
#1305=VECTOR('',#4283,1.);
#1306=VECTOR('',#4284,1.);
#1307=VECTOR('',#4285,1.);
#1308=VECTOR('',#4288,1.);
#1309=VECTOR('',#4289,1.);
#1310=VECTOR('',#4292,1.);
#1311=VECTOR('',#4293,1.);
#1312=VECTOR('',#4296,1.);
#1313=VECTOR('',#4307,1.);
#1314=VECTOR('',#4308,1.);
#1315=VECTOR('',#4311,1.);
#1316=VECTOR('',#4312,1.);
#1317=VECTOR('',#4315,1.);
#1318=VECTOR('',#4318,1.);
#1319=VECTOR('',#4319,1.);
#1320=VECTOR('',#4322,1.);
#1321=VECTOR('',#4325,1.);
#1322=VECTOR('',#4330,1.);
#1323=VECTOR('',#4331,1.);
#1324=VECTOR('',#4332,1.);
#1325=VECTOR('',#4335,1.);
#1326=VECTOR('',#4336,1.);
#1327=VECTOR('',#4337,1.);
#1328=VECTOR('',#4338,1.);
#1329=VECTOR('',#4341,1.);
#1330=VECTOR('',#4342,1.);
#1331=VECTOR('',#4343,1.);
#1332=VECTOR('',#4346,1.);
#1333=VECTOR('',#4347,1.);
#1334=VECTOR('',#4348,1.);
#1335=VECTOR('',#4351,1.);
#1336=VECTOR('',#4354,1.);
#1337=VECTOR('',#4355,1.);
#1338=VECTOR('',#4358,1.);
#1339=VECTOR('',#4365,1.);
#1340=VECTOR('',#4366,1.);
#1341=VECTOR('',#4367,1.);
#1342=VECTOR('',#4372,1.);
#1343=VECTOR('',#4377,1.);
#1344=VECTOR('',#4378,1.);
#1345=VECTOR('',#4383,1.);
#1346=VECTOR('',#4384,1.);
#1347=VECTOR('',#4387,1.);
#1348=VECTOR('',#4388,1.);
#1349=VECTOR('',#4395,1.);
#1350=VECTOR('',#4402,1.);
#1351=VECTOR('',#4403,1.);
#1352=VECTOR('',#4406,1.);
#1353=VECTOR('',#4407,1.);
#1354=VECTOR('',#4408,1.);
#1355=VECTOR('',#4411,1.);
#1356=VECTOR('',#4414,1.);
#1357=VECTOR('',#4423,1.);
#1358=VECTOR('',#4424,1.);
#1359=VERTEX_POINT('',#4431);
#1360=VERTEX_POINT('',#4432);
#1361=VERTEX_POINT('',#4434);
#1362=VERTEX_POINT('',#4436);
#1363=VERTEX_POINT('',#4440);
#1364=VERTEX_POINT('',#4441);
#1365=VERTEX_POINT('',#4443);
#1366=VERTEX_POINT('',#4445);
#1367=VERTEX_POINT('',#4447);
#1368=VERTEX_POINT('',#4449);
#1369=VERTEX_POINT('',#4451);
#1370=VERTEX_POINT('',#4453);
#1371=VERTEX_POINT('',#4455);
#1372=VERTEX_POINT('',#4457);
#1373=VERTEX_POINT('',#4459);
#1374=VERTEX_POINT('',#4461);
#1375=VERTEX_POINT('',#4465);
#1376=VERTEX_POINT('',#4466);
#1377=VERTEX_POINT('',#4468);
#1378=VERTEX_POINT('',#4470);
#1379=VERTEX_POINT('',#4474);
#1380=VERTEX_POINT('',#4475);
#1381=VERTEX_POINT('',#4477);
#1382=VERTEX_POINT('',#4479);
#1383=VERTEX_POINT('',#4483);
#1384=VERTEX_POINT('',#4485);
#1385=VERTEX_POINT('',#4489);
#1386=VERTEX_POINT('',#4490);
#1387=VERTEX_POINT('',#4492);
#1388=VERTEX_POINT('',#4494);
#1389=VERTEX_POINT('',#4498);
#1390=VERTEX_POINT('',#4500);
#1391=VERTEX_POINT('',#4504);
#1392=VERTEX_POINT('',#4508);
#1393=VERTEX_POINT('',#4509);
#1394=VERTEX_POINT('',#4511);
#1395=VERTEX_POINT('',#4513);
#1396=VERTEX_POINT('',#4516);
#1397=VERTEX_POINT('',#4520);
#1398=VERTEX_POINT('',#4521);
#1399=VERTEX_POINT('',#4526);
#1400=VERTEX_POINT('',#4527);
#1401=VERTEX_POINT('',#4529);
#1402=VERTEX_POINT('',#4531);
#1403=VERTEX_POINT('',#4533);
#1404=VERTEX_POINT('',#4535);
#1405=VERTEX_POINT('',#4537);
#1406=VERTEX_POINT('',#4539);
#1407=VERTEX_POINT('',#4543);
#1408=VERTEX_POINT('',#4544);
#1409=VERTEX_POINT('',#4546);
#1410=VERTEX_POINT('',#4548);
#1411=VERTEX_POINT('',#4552);
#1412=VERTEX_POINT('',#4553);
#1413=VERTEX_POINT('',#4555);
#1414=VERTEX_POINT('',#4557);
#1415=VERTEX_POINT('',#4559);
#1416=VERTEX_POINT('',#4561);
#1417=VERTEX_POINT('',#4563);
#1418=VERTEX_POINT('',#4565);
#1419=VERTEX_POINT('',#4567);
#1420=VERTEX_POINT('',#4569);
#1421=VERTEX_POINT('',#4573);
#1422=VERTEX_POINT('',#4574);
#1423=VERTEX_POINT('',#4576);
#1424=VERTEX_POINT('',#4578);
#1425=VERTEX_POINT('',#4582);
#1426=VERTEX_POINT('',#4583);
#1427=VERTEX_POINT('',#4588);
#1428=VERTEX_POINT('',#4589);
#1429=VERTEX_POINT('',#4591);
#1430=VERTEX_POINT('',#4593);
#1431=VERTEX_POINT('',#4597);
#1432=VERTEX_POINT('',#4598);
#1433=VERTEX_POINT('',#4600);
#1434=VERTEX_POINT('',#4602);
#1435=VERTEX_POINT('',#4606);
#1436=VERTEX_POINT('',#4607);
#1437=VERTEX_POINT('',#4612);
#1438=VERTEX_POINT('',#4614);
#1439=VERTEX_POINT('',#4618);
#1440=VERTEX_POINT('',#4619);
#1441=VERTEX_POINT('',#4621);
#1442=VERTEX_POINT('',#4623);
#1443=VERTEX_POINT('',#4627);
#1444=VERTEX_POINT('',#4628);
#1445=VERTEX_POINT('',#4630);
#1446=VERTEX_POINT('',#4632);
#1447=VERTEX_POINT('',#4636);
#1448=VERTEX_POINT('',#4637);
#1449=VERTEX_POINT('',#4639);
#1450=VERTEX_POINT('',#4642);
#1451=VERTEX_POINT('',#4644);
#1452=VERTEX_POINT('',#4646);
#1453=VERTEX_POINT('',#4648);
#1454=VERTEX_POINT('',#4650);
#1455=VERTEX_POINT('',#4652);
#1456=VERTEX_POINT('',#4654);
#1457=VERTEX_POINT('',#4658);
#1458=VERTEX_POINT('',#4659);
#1459=VERTEX_POINT('',#4661);
#1460=VERTEX_POINT('',#4663);
#1461=VERTEX_POINT('',#4667);
#1462=VERTEX_POINT('',#4668);
#1463=VERTEX_POINT('',#4670);
#1464=VERTEX_POINT('',#4672);
#1465=VERTEX_POINT('',#4676);
#1466=VERTEX_POINT('',#4678);
#1467=VERTEX_POINT('',#4682);
#1468=VERTEX_POINT('',#4683);
#1469=VERTEX_POINT('',#4685);
#1470=VERTEX_POINT('',#4687);
#1471=VERTEX_POINT('',#4689);
#1472=VERTEX_POINT('',#4691);
#1473=VERTEX_POINT('',#4693);
#1474=VERTEX_POINT('',#4695);
#1475=VERTEX_POINT('',#4699);
#1476=VERTEX_POINT('',#4700);
#1477=VERTEX_POINT('',#4702);
#1478=VERTEX_POINT('',#4704);
#1479=VERTEX_POINT('',#4708);
#1480=VERTEX_POINT('',#4709);
#1481=VERTEX_POINT('',#4712);
#1482=VERTEX_POINT('',#4716);
#1483=VERTEX_POINT('',#4721);
#1484=VERTEX_POINT('',#4725);
#1485=VERTEX_POINT('',#4727);
#1486=VERTEX_POINT('',#4731);
#1487=VERTEX_POINT('',#4732);
#1488=VERTEX_POINT('',#4734);
#1489=VERTEX_POINT('',#4736);
#1490=VERTEX_POINT('',#4740);
#1491=VERTEX_POINT('',#4741);
#1492=VERTEX_POINT('',#4743);
#1493=VERTEX_POINT('',#4745);
#1494=VERTEX_POINT('',#4749);
#1495=VERTEX_POINT('',#4751);
#1496=VERTEX_POINT('',#4758);
#1497=VERTEX_POINT('',#4759);
#1498=VERTEX_POINT('',#4761);
#1499=VERTEX_POINT('',#4763);
#1500=VERTEX_POINT('',#4767);
#1501=VERTEX_POINT('',#4768);
#1502=VERTEX_POINT('',#4770);
#1503=VERTEX_POINT('',#4772);
#1504=VERTEX_POINT('',#4774);
#1505=VERTEX_POINT('',#4776);
#1506=VERTEX_POINT('',#4778);
#1507=VERTEX_POINT('',#4780);
#1508=VERTEX_POINT('',#4783);
#1509=VERTEX_POINT('',#4785);
#1510=VERTEX_POINT('',#4788);
#1511=VERTEX_POINT('',#4790);
#1512=VERTEX_POINT('',#4793);
#1513=VERTEX_POINT('',#4794);
#1514=VERTEX_POINT('',#4796);
#1515=VERTEX_POINT('',#4798);
#1516=VERTEX_POINT('',#4803);
#1517=VERTEX_POINT('',#4805);
#1518=VERTEX_POINT('',#4807);
#1519=VERTEX_POINT('',#4809);
#1520=VERTEX_POINT('',#4813);
#1521=VERTEX_POINT('',#4817);
#1522=VERTEX_POINT('',#4821);
#1523=VERTEX_POINT('',#4822);
#1524=VERTEX_POINT('',#4826);
#1525=VERTEX_POINT('',#4828);
#1526=VERTEX_POINT('',#4830);
#1527=VERTEX_POINT('',#4832);
#1528=VERTEX_POINT('',#4837);
#1529=VERTEX_POINT('',#4841);
#1530=VERTEX_POINT('',#4845);
#1531=VERTEX_POINT('',#4846);
#1532=VERTEX_POINT('',#4851);
#1533=VERTEX_POINT('',#4853);
#1534=VERTEX_POINT('',#4857);
#1535=VERTEX_POINT('',#4859);
#1536=VERTEX_POINT('',#4861);
#1537=VERTEX_POINT('',#4864);
#1538=VERTEX_POINT('',#4867);
#1539=VERTEX_POINT('',#4869);
#1540=VERTEX_POINT('',#4873);
#1541=VERTEX_POINT('',#4875);
#1542=VERTEX_POINT('',#4881);
#1543=VERTEX_POINT('',#4884);
#1544=VERTEX_POINT('',#4888);
#1545=VERTEX_POINT('',#4892);
#1546=VERTEX_POINT('',#4895);
#1547=VERTEX_POINT('',#4897);
#1548=VERTEX_POINT('',#4899);
#1549=VERTEX_POINT('',#4902);
#1550=VERTEX_POINT('',#4906);
#1551=VERTEX_POINT('',#4910);
#1552=VERTEX_POINT('',#4912);
#1553=VERTEX_POINT('',#4914);
#1554=VERTEX_POINT('',#4918);
#1555=VERTEX_POINT('',#4919);
#1556=VERTEX_POINT('',#4921);
#1557=VERTEX_POINT('',#4923);
#1558=VERTEX_POINT('',#4927);
#1559=VERTEX_POINT('',#4929);
#1560=VERTEX_POINT('',#4933);
#1561=VERTEX_POINT('',#4938);
#1562=VERTEX_POINT('',#4940);
#1563=VERTEX_POINT('',#4942);
#1564=VERTEX_POINT('',#4946);
#1565=VERTEX_POINT('',#4948);
#1566=VERTEX_POINT('',#4959);
#1567=VERTEX_POINT('',#4963);
#1568=VERTEX_POINT('',#4965);
#1569=VERTEX_POINT('',#4969);
#1570=VERTEX_POINT('',#4970);
#1571=VERTEX_POINT('',#4972);
#1572=VERTEX_POINT('',#4974);
#1573=VERTEX_POINT('',#4981);
#1574=VERTEX_POINT('',#4983);
#1575=VERTEX_POINT('',#4987);
#1576=VERTEX_POINT('',#4989);
#1577=VERTEX_POINT('',#4998);
#1578=VERTEX_POINT('',#5000);
#1579=VERTEX_POINT('',#5003);
#1580=VERTEX_POINT('',#5005);
#1581=VERTEX_POINT('',#5009);
#1582=VERTEX_POINT('',#5016);
#1583=VERTEX_POINT('',#5020);
#1584=VERTEX_POINT('',#5021);
#1585=VERTEX_POINT('',#5023);
#1586=VERTEX_POINT('',#5025);
#1587=VERTEX_POINT('',#5030);
#1588=VERTEX_POINT('',#5034);
#1589=VERTEX_POINT('',#5035);
#1590=VERTEX_POINT('',#5040);
#1591=VERTEX_POINT('',#5042);
#1592=VERTEX_POINT('',#5046);
#1593=VERTEX_POINT('',#5056);
#1594=VERTEX_POINT('',#5064);
#1595=VERTEX_POINT('',#5070);
#1596=VERTEX_POINT('',#5071);
#1597=VERTEX_POINT('',#5083);
#1598=VERTEX_POINT('',#5087);
#1599=VERTEX_POINT('',#5095);
#1600=VERTEX_POINT('',#5097);
#1601=VERTEX_POINT('',#5104);
#1602=VERTEX_POINT('',#5106);
#1603=VERTEX_POINT('',#5110);
#1604=VERTEX_POINT('',#5114);
#1605=VERTEX_POINT('',#5115);
#1606=VERTEX_POINT('',#5122);
#1607=VERTEX_POINT('',#5124);
#1608=VERTEX_POINT('',#5136);
#1609=VERTEX_POINT('',#5138);
#1610=VERTEX_POINT('',#5153);
#1611=VERTEX_POINT('',#5155);
#1612=VERTEX_POINT('',#5166);
#1613=VERTEX_POINT('',#5176);
#1614=VERTEX_POINT('',#5184);
#1615=VERTEX_POINT('',#5186);
#1616=VERTEX_POINT('',#5189);
#1617=VERTEX_POINT('',#5191);
#1618=VERTEX_POINT('',#5195);
#1619=VERTEX_POINT('',#5196);
#1620=VERTEX_POINT('',#5199);
#1621=VERTEX_POINT('',#5201);
#1622=VERTEX_POINT('',#5206);
#1623=VERTEX_POINT('',#5208);
#1624=VERTEX_POINT('',#5211);
#1625=VERTEX_POINT('',#5216);
#1626=VERTEX_POINT('',#5220);
#1627=VERTEX_POINT('',#5224);
#1628=VERTEX_POINT('',#5227);
#1629=VERTEX_POINT('',#5231);
#1630=VERTEX_POINT('',#5241);
#1631=VERTEX_POINT('',#5243);
#1632=VERTEX_POINT('',#5247);
#1633=VERTEX_POINT('',#5251);
#1634=VERTEX_POINT('',#5261);
#1635=VERTEX_POINT('',#5265);
#1636=VERTEX_POINT('',#5271);
#1637=VERTEX_POINT('',#5280);
#1638=VERTEX_POINT('',#5282);
#1639=VERTEX_POINT('',#5286);
#1640=VERTEX_POINT('',#5288);
#1641=VERTEX_POINT('',#5290);
#1642=VERTEX_POINT('',#5294);
#1643=VERTEX_POINT('',#5296);
#1644=VERTEX_POINT('',#5300);
#1645=VERTEX_POINT('',#5310);
#1646=VERTEX_POINT('',#5311);
#1647=VERTEX_POINT('',#5316);
#1648=VERTEX_POINT('',#5318);
#1649=VERTEX_POINT('',#5322);
#1650=VERTEX_POINT('',#5324);
#1651=VERTEX_POINT('',#5331);
#1652=VERTEX_POINT('',#5337);
#1653=VERTEX_POINT('',#5346);
#1654=VERTEX_POINT('',#5350);
#1655=EDGE_CURVE('',#1359,#1360,#453,.T.);
#1656=EDGE_CURVE('',#1361,#1359,#454,.T.);
#1657=EDGE_CURVE('',#1362,#1361,#455,.T.);
#1658=EDGE_CURVE('',#1362,#1360,#456,.T.);
#1659=EDGE_CURVE('',#1363,#1364,#457,.T.);
#1660=EDGE_CURVE('',#1364,#1365,#458,.T.);
#1661=EDGE_CURVE('',#1365,#1366,#459,.T.);
#1662=EDGE_CURVE('',#1366,#1367,#460,.T.);
#1663=EDGE_CURVE('',#1368,#1367,#461,.T.);
#1664=EDGE_CURVE('',#1368,#1369,#95,.T.);
#1665=EDGE_CURVE('',#1369,#1370,#462,.T.);
#1666=EDGE_CURVE('',#1370,#1371,#463,.T.);
#1667=EDGE_CURVE('',#1372,#1371,#464,.T.);
#1668=EDGE_CURVE('',#1373,#1372,#465,.T.);
#1669=EDGE_CURVE('',#1373,#1374,#466,.T.);
#1670=EDGE_CURVE('',#1363,#1374,#467,.T.);
#1671=EDGE_CURVE('',#1375,#1376,#468,.T.);
#1672=EDGE_CURVE('',#1377,#1376,#469,.T.);
#1673=EDGE_CURVE('',#1377,#1378,#470,.T.);
#1674=EDGE_CURVE('',#1378,#1375,#471,.T.);
#1675=EDGE_CURVE('',#1379,#1380,#472,.T.);
#1676=EDGE_CURVE('',#1381,#1380,#473,.T.);
#1677=EDGE_CURVE('',#1381,#1382,#474,.T.);
#1678=EDGE_CURVE('',#1382,#1379,#475,.T.);
#1679=EDGE_CURVE('',#1380,#1383,#476,.T.);
#1680=EDGE_CURVE('',#1384,#1383,#477,.T.);
#1681=EDGE_CURVE('',#1384,#1381,#478,.T.);
#1682=EDGE_CURVE('',#1385,#1386,#479,.T.);
#1683=EDGE_CURVE('',#1386,#1387,#480,.T.);
#1684=EDGE_CURVE('',#1388,#1387,#481,.T.);
#1685=EDGE_CURVE('',#1385,#1388,#482,.T.);
#1686=EDGE_CURVE('',#1389,#1367,#483,.T.);
#1687=EDGE_CURVE('',#1390,#1389,#484,.T.);
#1688=EDGE_CURVE('',#1390,#1368,#485,.T.);
#1689=EDGE_CURVE('',#1391,#1369,#486,.T.);
#1690=EDGE_CURVE('',#1390,#1391,#96,.T.);
#1691=EDGE_CURVE('',#1392,#1393,#487,.T.);
#1692=EDGE_CURVE('',#1394,#1393,#488,.T.);
#1693=EDGE_CURVE('',#1394,#1395,#489,.T.);
#1694=EDGE_CURVE('',#1391,#1395,#490,.T.);
#1695=EDGE_CURVE('',#1396,#1389,#491,.T.);
#1696=EDGE_CURVE('',#1396,#1392,#492,.T.);
#1697=EDGE_CURVE('',#1397,#1398,#493,.T.);
#1698=EDGE_CURVE('',#1398,#1394,#494,.T.);
#1699=EDGE_CURVE('',#1393,#1397,#495,.T.);
#1700=EDGE_CURVE('',#1399,#1400,#496,.T.);
#1701=EDGE_CURVE('',#1401,#1399,#497,.T.);
#1702=EDGE_CURVE('',#1402,#1401,#498,.T.);
#1703=EDGE_CURVE('',#1403,#1402,#499,.T.);
#1704=EDGE_CURVE('',#1404,#1403,#500,.T.);
#1705=EDGE_CURVE('',#1404,#1405,#501,.T.);
#1706=EDGE_CURVE('',#1406,#1405,#502,.T.);
#1707=EDGE_CURVE('',#1400,#1406,#503,.T.);
#1708=EDGE_CURVE('',#1407,#1408,#504,.T.);
#1709=EDGE_CURVE('',#1408,#1409,#505,.T.);
#1710=EDGE_CURVE('',#1410,#1409,#506,.T.);
#1711=EDGE_CURVE('',#1407,#1410,#507,.T.);
#1712=EDGE_CURVE('',#1411,#1412,#508,.T.);
#1713=EDGE_CURVE('',#1412,#1413,#509,.T.);
#1714=EDGE_CURVE('',#1413,#1414,#510,.T.);
#1715=EDGE_CURVE('',#1414,#1415,#511,.T.);
#1716=EDGE_CURVE('',#1415,#1416,#512,.T.);
#1717=EDGE_CURVE('',#1416,#1417,#513,.T.);
#1718=EDGE_CURVE('',#1417,#1418,#514,.T.);
#1719=EDGE_CURVE('',#1418,#1419,#515,.T.);
#1720=EDGE_CURVE('',#1419,#1420,#516,.T.);
#1721=EDGE_CURVE('',#1420,#1411,#517,.T.);
#1722=EDGE_CURVE('',#1421,#1422,#518,.T.);
#1723=EDGE_CURVE('',#1423,#1422,#519,.T.);
#1724=EDGE_CURVE('',#1424,#1423,#520,.T.);
#1725=EDGE_CURVE('',#1424,#1421,#521,.T.);
#1726=EDGE_CURVE('',#1425,#1426,#522,.T.);
#1727=EDGE_CURVE('',#1426,#1386,#523,.T.);
#1728=EDGE_CURVE('',#1425,#1385,#524,.T.);
#1729=EDGE_CURVE('',#1427,#1428,#525,.T.);
#1730=EDGE_CURVE('',#1429,#1427,#526,.T.);
#1731=EDGE_CURVE('',#1429,#1430,#527,.T.);
#1732=EDGE_CURVE('',#1428,#1430,#528,.T.);
#1733=EDGE_CURVE('',#1431,#1432,#529,.T.);
#1734=EDGE_CURVE('',#1432,#1433,#530,.T.);
#1735=EDGE_CURVE('',#1434,#1433,#531,.T.);
#1736=EDGE_CURVE('',#1434,#1431,#532,.T.);
#1737=EDGE_CURVE('',#1435,#1436,#533,.T.);
#1738=EDGE_CURVE('',#1435,#1379,#534,.T.);
#1739=EDGE_CURVE('',#1382,#1436,#535,.T.);
#1740=EDGE_CURVE('',#1411,#1437,#536,.T.);
#1741=EDGE_CURVE('',#1438,#1437,#537,.T.);
#1742=EDGE_CURVE('',#1412,#1438,#538,.T.);
#1743=EDGE_CURVE('',#1439,#1440,#539,.T.);
#1744=EDGE_CURVE('',#1439,#1441,#540,.T.);
#1745=EDGE_CURVE('',#1442,#1441,#541,.T.);
#1746=EDGE_CURVE('',#1442,#1440,#542,.T.);
#1747=EDGE_CURVE('',#1443,#1444,#543,.T.);
#1748=EDGE_CURVE('',#1443,#1445,#544,.T.);
#1749=EDGE_CURVE('',#1446,#1445,#545,.T.);
#1750=EDGE_CURVE('',#1446,#1444,#546,.T.);
#1751=EDGE_CURVE('',#1447,#1448,#547,.T.);
#1752=EDGE_CURVE('',#1449,#1448,#548,.T.);
#1753=EDGE_CURVE('',#1449,#1434,#549,.T.);
#1754=EDGE_CURVE('',#1450,#1433,#550,.T.);
#1755=EDGE_CURVE('',#1451,#1450,#551,.T.);
#1756=EDGE_CURVE('',#1452,#1451,#97,.T.);
#1757=EDGE_CURVE('',#1452,#1453,#552,.T.);
#1758=EDGE_CURVE('',#1454,#1453,#553,.T.);
#1759=EDGE_CURVE('',#1455,#1454,#554,.T.);
#1760=EDGE_CURVE('',#1456,#1455,#555,.T.);
#1761=EDGE_CURVE('',#1447,#1456,#556,.T.);
#1762=EDGE_CURVE('',#1457,#1458,#557,.T.);
#1763=EDGE_CURVE('',#1459,#1457,#558,.T.);
#1764=EDGE_CURVE('',#1460,#1459,#559,.T.);
#1765=EDGE_CURVE('',#1460,#1458,#560,.T.);
#1766=EDGE_CURVE('',#1461,#1462,#561,.T.);
#1767=EDGE_CURVE('',#1463,#1462,#562,.T.);
#1768=EDGE_CURVE('',#1463,#1464,#563,.T.);
#1769=EDGE_CURVE('',#1461,#1464,#564,.T.);
#1770=EDGE_CURVE('',#1462,#1465,#565,.T.);
#1771=EDGE_CURVE('',#1465,#1466,#566,.T.);
#1772=EDGE_CURVE('',#1466,#1463,#567,.T.);
#1773=EDGE_CURVE('',#1467,#1468,#568,.T.);
#1774=EDGE_CURVE('',#1467,#1469,#569,.T.);
#1775=EDGE_CURVE('',#1470,#1469,#570,.T.);
#1776=EDGE_CURVE('',#1470,#1471,#98,.T.);
#1777=EDGE_CURVE('',#1471,#1472,#571,.T.);
#1778=EDGE_CURVE('',#1473,#1472,#572,.T.);
#1779=EDGE_CURVE('',#1473,#1474,#573,.T.);
#1780=EDGE_CURVE('',#1468,#1474,#574,.T.);
#1781=EDGE_CURVE('',#1475,#1476,#575,.T.);
#1782=EDGE_CURVE('',#1475,#1477,#576,.T.);
#1783=EDGE_CURVE('',#1477,#1478,#577,.T.);
#1784=EDGE_CURVE('',#1478,#1476,#578,.T.);
#1785=EDGE_CURVE('',#1479,#1480,#579,.T.);
#1786=EDGE_CURVE('',#1480,#1373,#580,.T.);
#1787=EDGE_CURVE('',#1372,#1481,#581,.T.);
#1788=EDGE_CURVE('',#1481,#1479,#582,.T.);
#1789=EDGE_CURVE('',#1482,#1480,#583,.T.);
#1790=EDGE_CURVE('',#1370,#1482,#584,.T.);
#1791=EDGE_CURVE('',#1395,#1374,#585,.T.);
#1792=EDGE_CURVE('',#1483,#1371,#586,.T.);
#1793=EDGE_CURVE('',#1481,#1483,#587,.T.);
#1794=EDGE_CURVE('',#1404,#1484,#588,.T.);
#1795=EDGE_CURVE('',#1484,#1485,#589,.T.);
#1796=EDGE_CURVE('',#1405,#1485,#590,.T.);
#1797=EDGE_CURVE('',#1486,#1487,#591,.T.);
#1798=EDGE_CURVE('',#1487,#1488,#99,.T.);
#1799=EDGE_CURVE('',#1489,#1488,#592,.T.);
#1800=EDGE_CURVE('',#1486,#1489,#100,.T.);
#1801=EDGE_CURVE('',#1490,#1491,#593,.T.);
#1802=EDGE_CURVE('',#1491,#1492,#101,.T.);
#1803=EDGE_CURVE('',#1493,#1492,#594,.T.);
#1804=EDGE_CURVE('',#1490,#1493,#102,.T.);
#1805=EDGE_CURVE('',#1387,#1494,#595,.T.);
#1806=EDGE_CURVE('',#1495,#1494,#596,.T.);
#1807=EDGE_CURVE('',#1388,#1495,#597,.T.);
#1808=EDGE_CURVE('',#1470,#1452,#598,.T.);
#1809=EDGE_CURVE('',#1471,#1451,#599,.T.);
#1810=EDGE_CURVE('',#1496,#1497,#600,.T.);
#1811=EDGE_CURVE('',#1496,#1498,#601,.T.);
#1812=EDGE_CURVE('',#1498,#1499,#602,.T.);
#1813=EDGE_CURVE('',#1499,#1497,#603,.T.);
#1814=EDGE_CURVE('',#1500,#1501,#604,.T.);
#1815=EDGE_CURVE('',#1502,#1500,#605,.T.);
#1816=EDGE_CURVE('',#1503,#1502,#606,.T.);
#1817=EDGE_CURVE('',#1503,#1504,#607,.T.);
#1818=EDGE_CURVE('',#1504,#1505,#608,.T.);
#1819=EDGE_CURVE('',#1506,#1505,#609,.T.);
#1820=EDGE_CURVE('',#1506,#1507,#610,.T.);
#1821=EDGE_CURVE('',#1507,#1501,#611,.T.);
#1822=EDGE_CURVE('',#1458,#1508,#612,.T.);
#1823=EDGE_CURVE('',#1508,#1509,#613,.T.);
#1824=EDGE_CURVE('',#1509,#1457,#614,.T.);
#1825=EDGE_CURVE('',#1440,#1510,#615,.T.);
#1826=EDGE_CURVE('',#1510,#1511,#616,.T.);
#1827=EDGE_CURVE('',#1511,#1439,#617,.T.);
#1828=EDGE_CURVE('',#1512,#1513,#618,.T.);
#1829=EDGE_CURVE('',#1513,#1514,#619,.T.);
#1830=EDGE_CURVE('',#1514,#1515,#620,.T.);
#1831=EDGE_CURVE('',#1515,#1512,#621,.T.);
#1832=EDGE_CURVE('',#1494,#1426,#622,.T.);
#1833=EDGE_CURVE('',#1516,#1425,#623,.T.);
#1834=EDGE_CURVE('',#1516,#1517,#624,.T.);
#1835=EDGE_CURVE('',#1518,#1517,#625,.T.);
#1836=EDGE_CURVE('',#1518,#1519,#626,.T.);
#1837=EDGE_CURVE('',#1495,#1519,#627,.T.);
#1838=EDGE_CURVE('',#1520,#1482,#628,.T.);
#1839=EDGE_CURVE('',#1479,#1520,#629,.T.);
#1840=EDGE_CURVE('',#1521,#1511,#630,.T.);
#1841=EDGE_CURVE('',#1441,#1521,#631,.T.);
#1842=EDGE_CURVE('',#1522,#1523,#632,.T.);
#1843=EDGE_CURVE('',#1436,#1522,#633,.T.);
#1844=EDGE_CURVE('',#1444,#1382,#634,.T.);
#1845=EDGE_CURVE('',#1524,#1446,#635,.T.);
#1846=EDGE_CURVE('',#1525,#1524,#636,.T.);
#1847=EDGE_CURVE('',#1526,#1525,#637,.T.);
#1848=EDGE_CURVE('',#1527,#1526,#638,.T.);
#1849=EDGE_CURVE('',#1523,#1527,#639,.T.);
#1850=EDGE_CURVE('',#1381,#1392,#640,.T.);
#1851=EDGE_CURVE('',#1528,#1384,#641,.T.);
#1852=EDGE_CURVE('',#1397,#1528,#642,.T.);
#1853=EDGE_CURVE('',#1529,#1420,#643,.T.);
#1854=EDGE_CURVE('',#1437,#1529,#644,.T.);
#1855=EDGE_CURVE('',#1530,#1531,#645,.T.);
#1856=EDGE_CURVE('',#1499,#1531,#646,.T.);
#1857=EDGE_CURVE('',#1530,#1498,#647,.T.);
#1858=EDGE_CURVE('',#1532,#1360,#648,.T.);
#1859=EDGE_CURVE('',#1533,#1362,#649,.T.);
#1860=EDGE_CURVE('',#1532,#1533,#650,.T.);
#1861=EDGE_CURVE('',#1456,#1534,#651,.T.);
#1862=EDGE_CURVE('',#1534,#1535,#652,.T.);
#1863=EDGE_CURVE('',#1535,#1536,#653,.T.);
#1864=EDGE_CURVE('',#1536,#1421,#654,.T.);
#1865=EDGE_CURVE('',#1424,#1537,#655,.T.);
#1866=EDGE_CURVE('',#1537,#1359,#656,.T.);
#1867=EDGE_CURVE('',#1532,#1538,#657,.T.);
#1868=EDGE_CURVE('',#1539,#1538,#658,.T.);
#1869=EDGE_CURVE('',#1475,#1539,#659,.T.);
#1870=EDGE_CURVE('',#1464,#1476,#660,.T.);
#1871=EDGE_CURVE('',#1466,#1540,#661,.T.);
#1872=EDGE_CURVE('',#1541,#1540,#662,.T.);
#1873=EDGE_CURVE('',#1531,#1541,#663,.T.);
#1874=EDGE_CURVE('',#1364,#1530,#664,.T.);
#1875=EDGE_CURVE('',#1447,#1363,#665,.T.);
#1876=EDGE_CURVE('',#1507,#1542,#666,.T.);
#1877=EDGE_CURVE('',#1536,#1506,#667,.T.);
#1878=EDGE_CURVE('',#1543,#1535,#668,.T.);
#1879=EDGE_CURVE('',#1542,#1543,#669,.T.);
#1880=EDGE_CURVE('',#1534,#1544,#670,.T.);
#1881=EDGE_CURVE('',#1544,#1543,#671,.T.);
#1882=EDGE_CURVE('',#1545,#1492,#672,.T.);
#1883=EDGE_CURVE('',#1528,#1491,#673,.T.);
#1884=EDGE_CURVE('',#1546,#1384,#674,.T.);
#1885=EDGE_CURVE('',#1546,#1547,#103,.T.);
#1886=EDGE_CURVE('',#1547,#1548,#675,.T.);
#1887=EDGE_CURVE('',#1548,#1486,#676,.T.);
#1888=EDGE_CURVE('',#1549,#1489,#677,.T.);
#1889=EDGE_CURVE('',#1545,#1549,#678,.T.);
#1890=EDGE_CURVE('',#1542,#1550,#679,.T.);
#1891=EDGE_CURVE('',#1550,#1544,#680,.T.);
#1892=EDGE_CURVE('',#1551,#1383,#681,.T.);
#1893=EDGE_CURVE('',#1552,#1551,#682,.T.);
#1894=EDGE_CURVE('',#1552,#1553,#683,.T.);
#1895=EDGE_CURVE('',#1383,#1553,#684,.T.);
#1896=EDGE_CURVE('',#1554,#1555,#685,.T.);
#1897=EDGE_CURVE('',#1556,#1554,#686,.T.);
#1898=EDGE_CURVE('',#1557,#1556,#687,.T.);
#1899=EDGE_CURVE('',#1555,#1557,#688,.T.);
#1900=EDGE_CURVE('',#1485,#1558,#689,.T.);
#1901=EDGE_CURVE('',#1484,#1559,#690,.T.);
#1902=EDGE_CURVE('',#1559,#1558,#691,.T.);
#1903=EDGE_CURVE('',#1435,#1560,#692,.T.);
#1904=EDGE_CURVE('',#1376,#1435,#693,.T.);
#1905=EDGE_CURVE('',#1560,#1375,#694,.T.);
#1906=EDGE_CURVE('',#1561,#1418,#695,.T.);
#1907=EDGE_CURVE('',#1561,#1562,#696,.T.);
#1908=EDGE_CURVE('',#1563,#1562,#697,.T.);
#1909=EDGE_CURVE('',#1418,#1563,#698,.T.);
#1910=EDGE_CURVE('',#1564,#1561,#699,.T.);
#1911=EDGE_CURVE('',#1564,#1565,#700,.T.);
#1912=EDGE_CURVE('',#1562,#1565,#701,.T.);
#1913=EDGE_CURVE('',#1474,#1429,#702,.T.);
#1914=EDGE_CURVE('',#1430,#1473,#703,.T.);
#1915=EDGE_CURVE('',#1427,#1564,#704,.T.);
#1916=EDGE_CURVE('',#1561,#1468,#705,.T.);
#1917=EDGE_CURVE('',#1376,#1553,#706,.T.);
#1918=EDGE_CURVE('',#1436,#1566,#707,.T.);
#1919=EDGE_CURVE('',#1546,#1566,#708,.T.);
#1920=EDGE_CURVE('',#1567,#1512,#709,.T.);
#1921=EDGE_CURVE('',#1568,#1567,#710,.T.);
#1922=EDGE_CURVE('',#1568,#1513,#711,.T.);
#1923=EDGE_CURVE('',#1569,#1570,#712,.T.);
#1924=EDGE_CURVE('',#1571,#1569,#713,.T.);
#1925=EDGE_CURVE('',#1572,#1571,#714,.T.);
#1926=EDGE_CURVE('',#1570,#1572,#715,.T.);
#1927=EDGE_CURVE('',#1406,#1558,#716,.T.);
#1928=EDGE_CURVE('',#1400,#1559,#717,.T.);
#1929=EDGE_CURVE('',#1573,#1413,#718,.T.);
#1930=EDGE_CURVE('',#1574,#1573,#719,.T.);
#1931=EDGE_CURVE('',#1414,#1574,#720,.T.);
#1932=EDGE_CURVE('',#1575,#1404,#721,.T.);
#1933=EDGE_CURVE('',#1576,#1575,#722,.T.);
#1934=EDGE_CURVE('',#1408,#1576,#723,.T.);
#1935=EDGE_CURVE('',#1396,#1407,#724,.T.);
#1936=EDGE_CURVE('',#1366,#1454,#725,.T.);
#1937=EDGE_CURVE('',#1469,#1453,#726,.T.);
#1938=EDGE_CURVE('',#1467,#1425,#727,.T.);
#1939=EDGE_CURVE('',#1495,#1400,#728,.T.);
#1940=EDGE_CURVE('',#1409,#1577,#729,.T.);
#1941=EDGE_CURVE('',#1577,#1578,#730,.T.);
#1942=EDGE_CURVE('',#1578,#1410,#731,.T.);
#1943=EDGE_CURVE('',#1549,#1579,#732,.T.);
#1944=EDGE_CURVE('',#1579,#1580,#733,.T.);
#1945=EDGE_CURVE('',#1580,#1545,#734,.T.);
#1946=EDGE_CURVE('',#1581,#1442,#735,.T.);
#1947=EDGE_CURVE('',#1581,#1510,#736,.T.);
#1948=EDGE_CURVE('',#1556,#1460,#737,.T.);
#1949=EDGE_CURVE('',#1459,#1557,#738,.T.);
#1950=EDGE_CURVE('',#1582,#1419,#739,.T.);
#1951=EDGE_CURVE('',#1582,#1563,#740,.T.);
#1952=EDGE_CURVE('',#1583,#1584,#741,.T.);
#1953=EDGE_CURVE('',#1584,#1585,#742,.T.);
#1954=EDGE_CURVE('',#1585,#1586,#743,.T.);
#1955=EDGE_CURVE('',#1586,#1583,#744,.T.);
#1956=EDGE_CURVE('',#1552,#1375,#745,.T.);
#1957=EDGE_CURVE('',#1378,#1587,#746,.T.);
#1958=EDGE_CURVE('',#1587,#1552,#747,.T.);
#1959=EDGE_CURVE('',#1588,#1589,#748,.T.);
#1960=EDGE_CURVE('',#1581,#1589,#749,.T.);
#1961=EDGE_CURVE('',#1588,#1442,#750,.T.);
#1962=EDGE_CURVE('',#1524,#1590,#751,.T.);
#1963=EDGE_CURVE('',#1590,#1591,#752,.T.);
#1964=EDGE_CURVE('',#1525,#1591,#753,.T.);
#1965=EDGE_CURVE('',#1415,#1592,#754,.T.);
#1966=EDGE_CURVE('',#1592,#1574,#755,.T.);
#1967=EDGE_CURVE('',#1528,#1551,#756,.T.);
#1968=EDGE_CURVE('',#1490,#1522,#757,.T.);
#1969=EDGE_CURVE('',#1560,#1522,#758,.T.);
#1970=EDGE_CURVE('',#1438,#1573,#759,.T.);
#1971=EDGE_CURVE('',#1540,#1593,#760,.T.);
#1972=EDGE_CURVE('',#1479,#1593,#761,.T.);
#1973=EDGE_CURVE('',#1504,#1483,#762,.T.);
#1974=EDGE_CURVE('',#1503,#1541,#763,.T.);
#1975=EDGE_CURVE('',#1521,#1581,#764,.T.);
#1976=EDGE_CURVE('',#1594,#1423,#765,.T.);
#1977=EDGE_CURVE('',#1594,#1537,#766,.T.);
#1978=EDGE_CURVE('',#1361,#1594,#767,.T.);
#1979=EDGE_CURVE('',#1595,#1596,#768,.T.);
#1980=EDGE_CURVE('',#1596,#1539,#769,.T.);
#1981=EDGE_CURVE('',#1595,#1538,#770,.T.);
#1982=EDGE_CURVE('',#1455,#1365,#771,.T.);
#1983=EDGE_CURVE('',#1596,#1477,#772,.T.);
#1984=EDGE_CURVE('',#1465,#1593,#773,.T.);
#1985=EDGE_CURVE('',#1505,#1432,#774,.T.);
#1986=EDGE_CURVE('',#1431,#1597,#775,.T.);
#1987=EDGE_CURVE('',#1597,#1422,#776,.T.);
#1988=EDGE_CURVE('',#1520,#1598,#777,.T.);
#1989=EDGE_CURVE('',#1478,#1461,#778,.T.);
#1990=EDGE_CURVE('',#1595,#1533,#779,.T.);
#1991=EDGE_CURVE('',#1597,#1598,#780,.T.);
#1992=EDGE_CURVE('',#1508,#1599,#781,.T.);
#1993=EDGE_CURVE('',#1600,#1599,#782,.T.);
#1994=EDGE_CURVE('',#1600,#1509,#783,.T.);
#1995=EDGE_CURVE('',#1488,#1579,#784,.T.);
#1996=EDGE_CURVE('',#1580,#1493,#785,.T.);
#1997=EDGE_CURVE('',#1487,#1601,#786,.T.);
#1998=EDGE_CURVE('',#1601,#1602,#787,.T.);
#1999=EDGE_CURVE('',#1566,#1602,#104,.T.);
#2000=EDGE_CURVE('',#1603,#1515,#788,.T.);
#2001=EDGE_CURVE('',#1567,#1603,#789,.T.);
#2002=EDGE_CURVE('',#1604,#1605,#790,.T.);
#2003=EDGE_CURVE('',#1567,#1605,#791,.T.);
#2004=EDGE_CURVE('',#1604,#1603,#792,.T.);
#2005=EDGE_CURVE('',#1551,#1398,#793,.T.);
#2006=EDGE_CURVE('',#1416,#1606,#794,.T.);
#2007=EDGE_CURVE('',#1607,#1606,#795,.T.);
#2008=EDGE_CURVE('',#1607,#1417,#796,.T.);
#2009=EDGE_CURVE('',#1501,#1550,#797,.T.);
#2010=EDGE_CURVE('',#1500,#1496,#798,.T.);
#2011=EDGE_CURVE('',#1502,#1497,#799,.T.);
#2012=EDGE_CURVE('',#1472,#1448,#800,.T.);
#2013=EDGE_CURVE('',#1450,#1608,#801,.T.);
#2014=EDGE_CURVE('',#1608,#1609,#802,.T.);
#2015=EDGE_CURVE('',#1609,#1449,#803,.T.);
#2016=EDGE_CURVE('',#1598,#1608,#804,.T.);
#2017=EDGE_CURVE('',#1547,#1602,#805,.T.);
#2018=EDGE_CURVE('',#1444,#1417,#806,.T.);
#2019=EDGE_CURVE('',#1607,#1443,#807,.T.);
#2020=EDGE_CURVE('',#1597,#1609,#808,.T.);
#2021=EDGE_CURVE('',#1527,#1610,#809,.T.);
#2022=EDGE_CURVE('',#1611,#1526,#810,.T.);
#2023=EDGE_CURVE('',#1610,#1611,#811,.T.);
#2024=EDGE_CURVE('',#1575,#1578,#812,.T.);
#2025=EDGE_CURVE('',#1576,#1577,#813,.T.);
#2026=EDGE_CURVE('',#1575,#1601,#814,.T.);
#2027=EDGE_CURVE('',#1548,#1407,#815,.T.);
#2028=EDGE_CURVE('',#1612,#1560,#816,.T.);
#2029=EDGE_CURVE('',#1610,#1612,#817,.T.);
#2030=EDGE_CURVE('',#1591,#1611,#818,.T.);
#2031=EDGE_CURVE('',#1590,#1445,#819,.T.);
#2032=EDGE_CURVE('',#1606,#1592,#820,.T.);
#2033=EDGE_CURVE('',#1529,#1582,#821,.T.);
#2034=EDGE_CURVE('',#1565,#1428,#822,.T.);
#2035=EDGE_CURVE('',#1613,#1568,#823,.T.);
#2036=EDGE_CURVE('',#1514,#1613,#824,.T.);
#2037=EDGE_CURVE('',#1523,#1612,#825,.T.);
#2038=EDGE_CURVE('',#1614,#1403,#826,.T.);
#2039=EDGE_CURVE('',#1614,#1615,#827,.T.);
#2040=EDGE_CURVE('',#1399,#1615,#828,.T.);
#2041=EDGE_CURVE('',#1616,#1519,#829,.T.);
#2042=EDGE_CURVE('',#1616,#1617,#830,.T.);
#2043=EDGE_CURVE('',#1516,#1617,#831,.T.);
#2044=EDGE_CURVE('',#1618,#1619,#832,.T.);
#2045=EDGE_CURVE('',#1618,#1590,#833,.T.);
#2046=EDGE_CURVE('',#1524,#1620,#834,.T.);
#2047=EDGE_CURVE('',#1621,#1620,#835,.T.);
#2048=EDGE_CURVE('',#1621,#1415,#836,.T.);
#2049=EDGE_CURVE('',#1592,#1619,#837,.T.);
#2050=EDGE_CURVE('',#1586,#1622,#838,.T.);
#2051=EDGE_CURVE('',#1623,#1585,#839,.T.);
#2052=EDGE_CURVE('',#1401,#1623,#105,.T.);
#2053=EDGE_CURVE('',#1624,#1615,#106,.T.);
#2054=EDGE_CURVE('',#1416,#1624,#840,.T.);
#2055=EDGE_CURVE('',#1621,#1622,#107,.T.);
#2056=EDGE_CURVE('',#1584,#1625,#841,.T.);
#2057=EDGE_CURVE('',#1625,#1623,#842,.T.);
#2058=EDGE_CURVE('',#1618,#1626,#843,.T.);
#2059=EDGE_CURVE('',#1445,#1626,#844,.T.);
#2060=EDGE_CURVE('',#1627,#1626,#845,.T.);
#2061=EDGE_CURVE('',#1627,#1606,#846,.T.);
#2062=EDGE_CURVE('',#1628,#1624,#847,.T.);
#2063=EDGE_CURVE('',#1628,#1446,#848,.T.);
#2064=EDGE_CURVE('',#1583,#1629,#849,.T.);
#2065=EDGE_CURVE('',#1620,#1629,#108,.T.);
#2066=EDGE_CURVE('',#1628,#1614,#109,.T.);
#2067=EDGE_CURVE('',#1402,#1625,#110,.T.);
#2068=EDGE_CURVE('',#1622,#1629,#850,.T.);
#2069=EDGE_CURVE('',#1619,#1627,#851,.T.);
#2070=EDGE_CURVE('',#1630,#1627,#852,.T.);
#2071=EDGE_CURVE('',#1630,#1631,#853,.T.);
#2072=EDGE_CURVE('',#1631,#1619,#854,.T.);
#2073=EDGE_CURVE('',#1626,#1632,#855,.T.);
#2074=EDGE_CURVE('',#1630,#1632,#856,.T.);
#2075=EDGE_CURVE('',#1631,#1633,#857,.T.);
#2076=EDGE_CURVE('',#1633,#1618,#858,.T.);
#2077=EDGE_CURVE('',#1632,#1633,#859,.T.);
#2078=EDGE_CURVE('',#1589,#1634,#860,.T.);
#2079=EDGE_CURVE('',#1634,#1521,#861,.T.);
#2080=EDGE_CURVE('',#1635,#1588,#862,.T.);
#2081=EDGE_CURVE('',#1441,#1635,#863,.T.);
#2082=EDGE_CURVE('',#1634,#1635,#864,.T.);
#2083=EDGE_CURVE('',#1553,#1636,#865,.T.);
#2084=EDGE_CURVE('',#1377,#1636,#866,.T.);
#2085=EDGE_CURVE('',#1459,#1600,#867,.T.);
#2086=EDGE_CURVE('',#1599,#1460,#868,.T.);
#2087=EDGE_CURVE('',#1637,#1529,#869,.T.);
#2088=EDGE_CURVE('',#1637,#1638,#870,.T.);
#2089=EDGE_CURVE('',#1582,#1638,#871,.T.);
#2090=EDGE_CURVE('',#1639,#1638,#872,.T.);
#2091=EDGE_CURVE('',#1638,#1640,#873,.T.);
#2092=EDGE_CURVE('',#1641,#1640,#874,.T.);
#2093=EDGE_CURVE('',#1641,#1639,#875,.T.);
#2094=EDGE_CURVE('',#1640,#1642,#876,.T.);
#2095=EDGE_CURVE('',#1643,#1642,#877,.T.);
#2096=EDGE_CURVE('',#1641,#1643,#878,.T.);
#2097=EDGE_CURVE('',#1637,#1644,#879,.T.);
#2098=EDGE_CURVE('',#1643,#1644,#880,.T.);
#2099=EDGE_CURVE('',#1642,#1637,#881,.T.);
#2100=EDGE_CURVE('',#1644,#1639,#882,.T.);
#2101=EDGE_CURVE('',#1639,#1565,#883,.T.);
#2102=EDGE_CURVE('',#1428,#1644,#884,.T.);
#2103=EDGE_CURVE('',#1645,#1646,#885,.T.);
#2104=EDGE_CURVE('',#1646,#1617,#111,.T.);
#2105=EDGE_CURVE('',#1645,#1616,#112,.T.);
#2106=EDGE_CURVE('',#1570,#1647,#886,.T.);
#2107=EDGE_CURVE('',#1572,#1648,#887,.T.);
#2108=EDGE_CURVE('',#1648,#1647,#888,.T.);
#2109=EDGE_CURVE('',#1517,#1649,#113,.T.);
#2110=EDGE_CURVE('',#1650,#1649,#889,.T.);
#2111=EDGE_CURVE('',#1518,#1650,#114,.T.);
#2112=EDGE_CURVE('',#1569,#1650,#890,.T.);
#2113=EDGE_CURVE('',#1649,#1571,#891,.T.);
#2114=EDGE_CURVE('',#1651,#1647,#115,.T.);
#2115=EDGE_CURVE('',#1420,#1651,#892,.T.);
#2116=EDGE_CURVE('',#1645,#1419,#893,.T.);
#2117=EDGE_CURVE('',#1564,#1646,#894,.T.);
#2118=EDGE_CURVE('',#1652,#1427,#895,.T.);
#2119=EDGE_CURVE('',#1652,#1648,#116,.T.);
#2120=EDGE_CURVE('',#1652,#1651,#896,.T.);
#2121=EDGE_CURVE('',#1605,#1653,#897,.T.);
#2122=EDGE_CURVE('',#1653,#1568,#898,.T.);
#2123=EDGE_CURVE('',#1654,#1604,#899,.T.);
#2124=EDGE_CURVE('',#1603,#1613,#900,.T.);
#2125=EDGE_CURVE('',#1613,#1654,#901,.T.);
#2126=EDGE_CURVE('',#1653,#1654,#902,.T.);
#2127=EDGE_CURVE('',#1636,#1587,#903,.T.);
#2128=EDGE_CURVE('',#1555,#1600,#904,.T.);
#2129=EDGE_CURVE('',#1599,#1554,#905,.T.);
#2130=ORIENTED_EDGE('',*,*,#1655,.F.);
#2131=ORIENTED_EDGE('',*,*,#1656,.F.);
#2132=ORIENTED_EDGE('',*,*,#1657,.F.);
#2133=ORIENTED_EDGE('',*,*,#1658,.T.);
#2134=ORIENTED_EDGE('',*,*,#1659,.T.);
#2135=ORIENTED_EDGE('',*,*,#1660,.T.);
#2136=ORIENTED_EDGE('',*,*,#1661,.T.);
#2137=ORIENTED_EDGE('',*,*,#1662,.T.);
#2138=ORIENTED_EDGE('',*,*,#1663,.F.);
#2139=ORIENTED_EDGE('',*,*,#1664,.T.);
#2140=ORIENTED_EDGE('',*,*,#1665,.T.);
#2141=ORIENTED_EDGE('',*,*,#1666,.T.);
#2142=ORIENTED_EDGE('',*,*,#1667,.F.);
#2143=ORIENTED_EDGE('',*,*,#1668,.F.);
#2144=ORIENTED_EDGE('',*,*,#1669,.T.);
#2145=ORIENTED_EDGE('',*,*,#1670,.F.);
#2146=ORIENTED_EDGE('',*,*,#1671,.T.);
#2147=ORIENTED_EDGE('',*,*,#1672,.F.);
#2148=ORIENTED_EDGE('',*,*,#1673,.T.);
#2149=ORIENTED_EDGE('',*,*,#1674,.T.);
#2150=ORIENTED_EDGE('',*,*,#1675,.T.);
#2151=ORIENTED_EDGE('',*,*,#1676,.F.);
#2152=ORIENTED_EDGE('',*,*,#1677,.T.);
#2153=ORIENTED_EDGE('',*,*,#1678,.T.);
#2154=ORIENTED_EDGE('',*,*,#1676,.T.);
#2155=ORIENTED_EDGE('',*,*,#1679,.T.);
#2156=ORIENTED_EDGE('',*,*,#1680,.F.);
#2157=ORIENTED_EDGE('',*,*,#1681,.T.);
#2158=ORIENTED_EDGE('',*,*,#1682,.T.);
#2159=ORIENTED_EDGE('',*,*,#1683,.T.);
#2160=ORIENTED_EDGE('',*,*,#1684,.F.);
#2161=ORIENTED_EDGE('',*,*,#1685,.F.);
#2162=ORIENTED_EDGE('',*,*,#1686,.F.);
#2163=ORIENTED_EDGE('',*,*,#1687,.F.);
#2164=ORIENTED_EDGE('',*,*,#1688,.T.);
#2165=ORIENTED_EDGE('',*,*,#1663,.T.);
#2166=ORIENTED_EDGE('',*,*,#1689,.T.);
#2167=ORIENTED_EDGE('',*,*,#1664,.F.);
#2168=ORIENTED_EDGE('',*,*,#1688,.F.);
#2169=ORIENTED_EDGE('',*,*,#1690,.T.);
#2170=ORIENTED_EDGE('',*,*,#1691,.T.);
#2171=ORIENTED_EDGE('',*,*,#1692,.F.);
#2172=ORIENTED_EDGE('',*,*,#1693,.T.);
#2173=ORIENTED_EDGE('',*,*,#1694,.F.);
#2174=ORIENTED_EDGE('',*,*,#1690,.F.);
#2175=ORIENTED_EDGE('',*,*,#1687,.T.);
#2176=ORIENTED_EDGE('',*,*,#1695,.F.);
#2177=ORIENTED_EDGE('',*,*,#1696,.T.);
#2178=ORIENTED_EDGE('',*,*,#1697,.T.);
#2179=ORIENTED_EDGE('',*,*,#1698,.T.);
#2180=ORIENTED_EDGE('',*,*,#1692,.T.);
#2181=ORIENTED_EDGE('',*,*,#1699,.T.);
#2182=ORIENTED_EDGE('',*,*,#1700,.F.);
#2183=ORIENTED_EDGE('',*,*,#1701,.F.);
#2184=ORIENTED_EDGE('',*,*,#1702,.F.);
#2185=ORIENTED_EDGE('',*,*,#1703,.F.);
#2186=ORIENTED_EDGE('',*,*,#1704,.F.);
#2187=ORIENTED_EDGE('',*,*,#1705,.T.);
#2188=ORIENTED_EDGE('',*,*,#1706,.F.);
#2189=ORIENTED_EDGE('',*,*,#1707,.F.);
#2190=ORIENTED_EDGE('',*,*,#1708,.T.);
#2191=ORIENTED_EDGE('',*,*,#1709,.T.);
#2192=ORIENTED_EDGE('',*,*,#1710,.F.);
#2193=ORIENTED_EDGE('',*,*,#1711,.F.);
#2194=ORIENTED_EDGE('',*,*,#1712,.T.);
#2195=ORIENTED_EDGE('',*,*,#1713,.T.);
#2196=ORIENTED_EDGE('',*,*,#1714,.T.);
#2197=ORIENTED_EDGE('',*,*,#1715,.T.);
#2198=ORIENTED_EDGE('',*,*,#1716,.T.);
#2199=ORIENTED_EDGE('',*,*,#1717,.T.);
#2200=ORIENTED_EDGE('',*,*,#1718,.T.);
#2201=ORIENTED_EDGE('',*,*,#1719,.T.);
#2202=ORIENTED_EDGE('',*,*,#1720,.T.);
#2203=ORIENTED_EDGE('',*,*,#1721,.T.);
#2204=ORIENTED_EDGE('',*,*,#1722,.T.);
#2205=ORIENTED_EDGE('',*,*,#1723,.F.);
#2206=ORIENTED_EDGE('',*,*,#1724,.F.);
#2207=ORIENTED_EDGE('',*,*,#1725,.T.);
#2208=ORIENTED_EDGE('',*,*,#1726,.T.);
#2209=ORIENTED_EDGE('',*,*,#1727,.T.);
#2210=ORIENTED_EDGE('',*,*,#1682,.F.);
#2211=ORIENTED_EDGE('',*,*,#1728,.F.);
#2212=ORIENTED_EDGE('',*,*,#1729,.F.);
#2213=ORIENTED_EDGE('',*,*,#1730,.F.);
#2214=ORIENTED_EDGE('',*,*,#1731,.T.);
#2215=ORIENTED_EDGE('',*,*,#1732,.F.);
#2216=ORIENTED_EDGE('',*,*,#1733,.T.);
#2217=ORIENTED_EDGE('',*,*,#1734,.T.);
#2218=ORIENTED_EDGE('',*,*,#1735,.F.);
#2219=ORIENTED_EDGE('',*,*,#1736,.T.);
#2220=ORIENTED_EDGE('',*,*,#1737,.F.);
#2221=ORIENTED_EDGE('',*,*,#1738,.T.);
#2222=ORIENTED_EDGE('',*,*,#1678,.F.);
#2223=ORIENTED_EDGE('',*,*,#1739,.T.);
#2224=ORIENTED_EDGE('',*,*,#1712,.F.);
#2225=ORIENTED_EDGE('',*,*,#1740,.T.);
#2226=ORIENTED_EDGE('',*,*,#1741,.F.);
#2227=ORIENTED_EDGE('',*,*,#1742,.F.);
#2228=ORIENTED_EDGE('',*,*,#1743,.F.);
#2229=ORIENTED_EDGE('',*,*,#1744,.T.);
#2230=ORIENTED_EDGE('',*,*,#1745,.F.);
#2231=ORIENTED_EDGE('',*,*,#1746,.T.);
#2232=ORIENTED_EDGE('',*,*,#1747,.F.);
#2233=ORIENTED_EDGE('',*,*,#1748,.T.);
#2234=ORIENTED_EDGE('',*,*,#1749,.F.);
#2235=ORIENTED_EDGE('',*,*,#1750,.T.);
#2236=ORIENTED_EDGE('',*,*,#1751,.T.);
#2237=ORIENTED_EDGE('',*,*,#1752,.F.);
#2238=ORIENTED_EDGE('',*,*,#1753,.T.);
#2239=ORIENTED_EDGE('',*,*,#1735,.T.);
#2240=ORIENTED_EDGE('',*,*,#1754,.F.);
#2241=ORIENTED_EDGE('',*,*,#1755,.F.);
#2242=ORIENTED_EDGE('',*,*,#1756,.F.);
#2243=ORIENTED_EDGE('',*,*,#1757,.T.);
#2244=ORIENTED_EDGE('',*,*,#1758,.F.);
#2245=ORIENTED_EDGE('',*,*,#1759,.F.);
#2246=ORIENTED_EDGE('',*,*,#1760,.F.);
#2247=ORIENTED_EDGE('',*,*,#1761,.F.);
#2248=ORIENTED_EDGE('',*,*,#1762,.F.);
#2249=ORIENTED_EDGE('',*,*,#1763,.F.);
#2250=ORIENTED_EDGE('',*,*,#1764,.F.);
#2251=ORIENTED_EDGE('',*,*,#1765,.T.);
#2252=ORIENTED_EDGE('',*,*,#1766,.T.);
#2253=ORIENTED_EDGE('',*,*,#1767,.F.);
#2254=ORIENTED_EDGE('',*,*,#1768,.T.);
#2255=ORIENTED_EDGE('',*,*,#1769,.F.);
#2256=ORIENTED_EDGE('',*,*,#1767,.T.);
#2257=ORIENTED_EDGE('',*,*,#1770,.T.);
#2258=ORIENTED_EDGE('',*,*,#1771,.T.);
#2259=ORIENTED_EDGE('',*,*,#1772,.T.);
#2260=ORIENTED_EDGE('',*,*,#1773,.F.);
#2261=ORIENTED_EDGE('',*,*,#1774,.T.);
#2262=ORIENTED_EDGE('',*,*,#1775,.F.);
#2263=ORIENTED_EDGE('',*,*,#1776,.T.);
#2264=ORIENTED_EDGE('',*,*,#1777,.T.);
#2265=ORIENTED_EDGE('',*,*,#1778,.F.);
#2266=ORIENTED_EDGE('',*,*,#1779,.T.);
#2267=ORIENTED_EDGE('',*,*,#1780,.F.);
#2268=ORIENTED_EDGE('',*,*,#1781,.F.);
#2269=ORIENTED_EDGE('',*,*,#1782,.T.);
#2270=ORIENTED_EDGE('',*,*,#1783,.T.);
#2271=ORIENTED_EDGE('',*,*,#1784,.T.);
#2272=ORIENTED_EDGE('',*,*,#1785,.T.);
#2273=ORIENTED_EDGE('',*,*,#1786,.T.);
#2274=ORIENTED_EDGE('',*,*,#1668,.T.);
#2275=ORIENTED_EDGE('',*,*,#1787,.T.);
#2276=ORIENTED_EDGE('',*,*,#1788,.T.);
#2277=ORIENTED_EDGE('',*,*,#1786,.F.);
#2278=ORIENTED_EDGE('',*,*,#1789,.F.);
#2279=ORIENTED_EDGE('',*,*,#1790,.F.);
#2280=ORIENTED_EDGE('',*,*,#1665,.F.);
#2281=ORIENTED_EDGE('',*,*,#1689,.F.);
#2282=ORIENTED_EDGE('',*,*,#1694,.T.);
#2283=ORIENTED_EDGE('',*,*,#1791,.T.);
#2284=ORIENTED_EDGE('',*,*,#1669,.F.);
#2285=ORIENTED_EDGE('',*,*,#1787,.F.);
#2286=ORIENTED_EDGE('',*,*,#1667,.T.);
#2287=ORIENTED_EDGE('',*,*,#1792,.F.);
#2288=ORIENTED_EDGE('',*,*,#1793,.F.);
#2289=ORIENTED_EDGE('',*,*,#1794,.T.);
#2290=ORIENTED_EDGE('',*,*,#1795,.T.);
#2291=ORIENTED_EDGE('',*,*,#1796,.F.);
#2292=ORIENTED_EDGE('',*,*,#1705,.F.);
#2293=ORIENTED_EDGE('',*,*,#1797,.T.);
#2294=ORIENTED_EDGE('',*,*,#1798,.T.);
#2295=ORIENTED_EDGE('',*,*,#1799,.F.);
#2296=ORIENTED_EDGE('',*,*,#1800,.F.);
#2297=ORIENTED_EDGE('',*,*,#1801,.T.);
#2298=ORIENTED_EDGE('',*,*,#1802,.T.);
#2299=ORIENTED_EDGE('',*,*,#1803,.F.);
#2300=ORIENTED_EDGE('',*,*,#1804,.F.);
#2301=ORIENTED_EDGE('',*,*,#1684,.T.);
#2302=ORIENTED_EDGE('',*,*,#1805,.T.);
#2303=ORIENTED_EDGE('',*,*,#1806,.F.);
#2304=ORIENTED_EDGE('',*,*,#1807,.F.);
#2305=ORIENTED_EDGE('',*,*,#1776,.F.);
#2306=ORIENTED_EDGE('',*,*,#1808,.T.);
#2307=ORIENTED_EDGE('',*,*,#1756,.T.);
#2308=ORIENTED_EDGE('',*,*,#1809,.F.);
#2309=ORIENTED_EDGE('',*,*,#1810,.F.);
#2310=ORIENTED_EDGE('',*,*,#1811,.T.);
#2311=ORIENTED_EDGE('',*,*,#1812,.T.);
#2312=ORIENTED_EDGE('',*,*,#1813,.T.);
#2313=ORIENTED_EDGE('',*,*,#1814,.F.);
#2314=ORIENTED_EDGE('',*,*,#1815,.F.);
#2315=ORIENTED_EDGE('',*,*,#1816,.F.);
#2316=ORIENTED_EDGE('',*,*,#1817,.T.);
#2317=ORIENTED_EDGE('',*,*,#1818,.T.);
#2318=ORIENTED_EDGE('',*,*,#1819,.F.);
#2319=ORIENTED_EDGE('',*,*,#1820,.T.);
#2320=ORIENTED_EDGE('',*,*,#1821,.T.);
#2321=ORIENTED_EDGE('',*,*,#1762,.T.);
#2322=ORIENTED_EDGE('',*,*,#1822,.T.);
#2323=ORIENTED_EDGE('',*,*,#1823,.T.);
#2324=ORIENTED_EDGE('',*,*,#1824,.T.);
#2325=ORIENTED_EDGE('',*,*,#1743,.T.);
#2326=ORIENTED_EDGE('',*,*,#1825,.T.);
#2327=ORIENTED_EDGE('',*,*,#1826,.T.);
#2328=ORIENTED_EDGE('',*,*,#1827,.T.);
#2329=ORIENTED_EDGE('',*,*,#1828,.T.);
#2330=ORIENTED_EDGE('',*,*,#1829,.T.);
#2331=ORIENTED_EDGE('',*,*,#1830,.T.);
#2332=ORIENTED_EDGE('',*,*,#1831,.T.);
#2333=ORIENTED_EDGE('',*,*,#1832,.T.);
#2334=ORIENTED_EDGE('',*,*,#1726,.F.);
#2335=ORIENTED_EDGE('',*,*,#1833,.F.);
#2336=ORIENTED_EDGE('',*,*,#1834,.T.);
#2337=ORIENTED_EDGE('',*,*,#1835,.F.);
#2338=ORIENTED_EDGE('',*,*,#1836,.T.);
#2339=ORIENTED_EDGE('',*,*,#1837,.F.);
#2340=ORIENTED_EDGE('',*,*,#1806,.T.);
#2341=ORIENTED_EDGE('',*,*,#1838,.T.);
#2342=ORIENTED_EDGE('',*,*,#1789,.T.);
#2343=ORIENTED_EDGE('',*,*,#1785,.F.);
#2344=ORIENTED_EDGE('',*,*,#1839,.T.);
#2345=ORIENTED_EDGE('',*,*,#1827,.F.);
#2346=ORIENTED_EDGE('',*,*,#1840,.F.);
#2347=ORIENTED_EDGE('',*,*,#1841,.F.);
#2348=ORIENTED_EDGE('',*,*,#1744,.F.);
#2349=ORIENTED_EDGE('',*,*,#1842,.F.);
#2350=ORIENTED_EDGE('',*,*,#1843,.F.);
#2351=ORIENTED_EDGE('',*,*,#1739,.F.);
#2352=ORIENTED_EDGE('',*,*,#1844,.F.);
#2353=ORIENTED_EDGE('',*,*,#1750,.F.);
#2354=ORIENTED_EDGE('',*,*,#1845,.F.);
#2355=ORIENTED_EDGE('',*,*,#1846,.F.);
#2356=ORIENTED_EDGE('',*,*,#1847,.F.);
#2357=ORIENTED_EDGE('',*,*,#1848,.F.);
#2358=ORIENTED_EDGE('',*,*,#1849,.F.);
#2359=ORIENTED_EDGE('',*,*,#1691,.F.);
#2360=ORIENTED_EDGE('',*,*,#1850,.F.);
#2361=ORIENTED_EDGE('',*,*,#1681,.F.);
#2362=ORIENTED_EDGE('',*,*,#1851,.F.);
#2363=ORIENTED_EDGE('',*,*,#1852,.F.);
#2364=ORIENTED_EDGE('',*,*,#1699,.F.);
#2365=ORIENTED_EDGE('',*,*,#1721,.F.);
#2366=ORIENTED_EDGE('',*,*,#1853,.F.);
#2367=ORIENTED_EDGE('',*,*,#1854,.F.);
#2368=ORIENTED_EDGE('',*,*,#1740,.F.);
#2369=ORIENTED_EDGE('',*,*,#1855,.T.);
#2370=ORIENTED_EDGE('',*,*,#1856,.F.);
#2371=ORIENTED_EDGE('',*,*,#1812,.F.);
#2372=ORIENTED_EDGE('',*,*,#1857,.F.);
#2373=ORIENTED_EDGE('',*,*,#1858,.T.);
#2374=ORIENTED_EDGE('',*,*,#1658,.F.);
#2375=ORIENTED_EDGE('',*,*,#1859,.F.);
#2376=ORIENTED_EDGE('',*,*,#1860,.F.);
#2377=ORIENTED_EDGE('',*,*,#1761,.T.);
#2378=ORIENTED_EDGE('',*,*,#1861,.T.);
#2379=ORIENTED_EDGE('',*,*,#1862,.T.);
#2380=ORIENTED_EDGE('',*,*,#1863,.T.);
#2381=ORIENTED_EDGE('',*,*,#1864,.T.);
#2382=ORIENTED_EDGE('',*,*,#1725,.F.);
#2383=ORIENTED_EDGE('',*,*,#1865,.T.);
#2384=ORIENTED_EDGE('',*,*,#1866,.T.);
#2385=ORIENTED_EDGE('',*,*,#1655,.T.);
#2386=ORIENTED_EDGE('',*,*,#1858,.F.);
#2387=ORIENTED_EDGE('',*,*,#1867,.T.);
#2388=ORIENTED_EDGE('',*,*,#1868,.F.);
#2389=ORIENTED_EDGE('',*,*,#1869,.F.);
#2390=ORIENTED_EDGE('',*,*,#1781,.T.);
#2391=ORIENTED_EDGE('',*,*,#1870,.F.);
#2392=ORIENTED_EDGE('',*,*,#1768,.F.);
#2393=ORIENTED_EDGE('',*,*,#1772,.F.);
#2394=ORIENTED_EDGE('',*,*,#1871,.T.);
#2395=ORIENTED_EDGE('',*,*,#1872,.F.);
#2396=ORIENTED_EDGE('',*,*,#1873,.F.);
#2397=ORIENTED_EDGE('',*,*,#1855,.F.);
#2398=ORIENTED_EDGE('',*,*,#1874,.F.);
#2399=ORIENTED_EDGE('',*,*,#1659,.F.);
#2400=ORIENTED_EDGE('',*,*,#1875,.F.);
#2401=ORIENTED_EDGE('',*,*,#1876,.F.);
#2402=ORIENTED_EDGE('',*,*,#1820,.F.);
#2403=ORIENTED_EDGE('',*,*,#1877,.F.);
#2404=ORIENTED_EDGE('',*,*,#1863,.F.);
#2405=ORIENTED_EDGE('',*,*,#1878,.F.);
#2406=ORIENTED_EDGE('',*,*,#1879,.F.);
#2407=ORIENTED_EDGE('',*,*,#1862,.F.);
#2408=ORIENTED_EDGE('',*,*,#1880,.T.);
#2409=ORIENTED_EDGE('',*,*,#1881,.T.);
#2410=ORIENTED_EDGE('',*,*,#1878,.T.);
#2411=ORIENTED_EDGE('',*,*,#1882,.T.);
#2412=ORIENTED_EDGE('',*,*,#1802,.F.);
#2413=ORIENTED_EDGE('',*,*,#1883,.F.);
#2414=ORIENTED_EDGE('',*,*,#1851,.T.);
#2415=ORIENTED_EDGE('',*,*,#1884,.F.);
#2416=ORIENTED_EDGE('',*,*,#1885,.T.);
#2417=ORIENTED_EDGE('',*,*,#1886,.T.);
#2418=ORIENTED_EDGE('',*,*,#1887,.T.);
#2419=ORIENTED_EDGE('',*,*,#1800,.T.);
#2420=ORIENTED_EDGE('',*,*,#1888,.F.);
#2421=ORIENTED_EDGE('',*,*,#1889,.F.);
#2422=ORIENTED_EDGE('',*,*,#1890,.F.);
#2423=ORIENTED_EDGE('',*,*,#1879,.T.);
#2424=ORIENTED_EDGE('',*,*,#1881,.F.);
#2425=ORIENTED_EDGE('',*,*,#1891,.F.);
#2426=ORIENTED_EDGE('',*,*,#1892,.F.);
#2427=ORIENTED_EDGE('',*,*,#1893,.F.);
#2428=ORIENTED_EDGE('',*,*,#1894,.T.);
#2429=ORIENTED_EDGE('',*,*,#1895,.F.);
#2430=ORIENTED_EDGE('',*,*,#1896,.F.);
#2431=ORIENTED_EDGE('',*,*,#1897,.F.);
#2432=ORIENTED_EDGE('',*,*,#1898,.F.);
#2433=ORIENTED_EDGE('',*,*,#1899,.F.);
#2434=ORIENTED_EDGE('',*,*,#1900,.F.);
#2435=ORIENTED_EDGE('',*,*,#1795,.F.);
#2436=ORIENTED_EDGE('',*,*,#1901,.T.);
#2437=ORIENTED_EDGE('',*,*,#1902,.T.);
#2438=ORIENTED_EDGE('',*,*,#1903,.F.);
#2439=ORIENTED_EDGE('',*,*,#1904,.F.);
#2440=ORIENTED_EDGE('',*,*,#1671,.F.);
#2441=ORIENTED_EDGE('',*,*,#1905,.F.);
#2442=ORIENTED_EDGE('',*,*,#1906,.F.);
#2443=ORIENTED_EDGE('',*,*,#1907,.T.);
#2444=ORIENTED_EDGE('',*,*,#1908,.F.);
#2445=ORIENTED_EDGE('',*,*,#1909,.F.);
#2446=ORIENTED_EDGE('',*,*,#1910,.F.);
#2447=ORIENTED_EDGE('',*,*,#1911,.T.);
#2448=ORIENTED_EDGE('',*,*,#1912,.F.);
#2449=ORIENTED_EDGE('',*,*,#1907,.F.);
#2450=ORIENTED_EDGE('',*,*,#1913,.F.);
#2451=ORIENTED_EDGE('',*,*,#1779,.F.);
#2452=ORIENTED_EDGE('',*,*,#1914,.F.);
#2453=ORIENTED_EDGE('',*,*,#1731,.F.);
#2454=ORIENTED_EDGE('',*,*,#1913,.T.);
#2455=ORIENTED_EDGE('',*,*,#1730,.T.);
#2456=ORIENTED_EDGE('',*,*,#1915,.T.);
#2457=ORIENTED_EDGE('',*,*,#1910,.T.);
#2458=ORIENTED_EDGE('',*,*,#1916,.T.);
#2459=ORIENTED_EDGE('',*,*,#1780,.T.);
#2460=ORIENTED_EDGE('',*,*,#1917,.F.);
#2461=ORIENTED_EDGE('',*,*,#1904,.T.);
#2462=ORIENTED_EDGE('',*,*,#1737,.T.);
#2463=ORIENTED_EDGE('',*,*,#1918,.T.);
#2464=ORIENTED_EDGE('',*,*,#1919,.F.);
#2465=ORIENTED_EDGE('',*,*,#1884,.T.);
#2466=ORIENTED_EDGE('',*,*,#1680,.T.);
#2467=ORIENTED_EDGE('',*,*,#1895,.T.);
#2468=ORIENTED_EDGE('',*,*,#1828,.F.);
#2469=ORIENTED_EDGE('',*,*,#1920,.F.);
#2470=ORIENTED_EDGE('',*,*,#1921,.F.);
#2471=ORIENTED_EDGE('',*,*,#1922,.T.);
#2472=ORIENTED_EDGE('',*,*,#1832,.F.);
#2473=ORIENTED_EDGE('',*,*,#1805,.F.);
#2474=ORIENTED_EDGE('',*,*,#1683,.F.);
#2475=ORIENTED_EDGE('',*,*,#1727,.F.);
#2476=ORIENTED_EDGE('',*,*,#1923,.F.);
#2477=ORIENTED_EDGE('',*,*,#1924,.F.);
#2478=ORIENTED_EDGE('',*,*,#1925,.F.);
#2479=ORIENTED_EDGE('',*,*,#1926,.F.);
#2480=ORIENTED_EDGE('',*,*,#1707,.T.);
#2481=ORIENTED_EDGE('',*,*,#1927,.T.);
#2482=ORIENTED_EDGE('',*,*,#1902,.F.);
#2483=ORIENTED_EDGE('',*,*,#1928,.F.);
#2484=ORIENTED_EDGE('',*,*,#1714,.F.);
#2485=ORIENTED_EDGE('',*,*,#1929,.F.);
#2486=ORIENTED_EDGE('',*,*,#1930,.F.);
#2487=ORIENTED_EDGE('',*,*,#1931,.F.);
#2488=ORIENTED_EDGE('',*,*,#1901,.F.);
#2489=ORIENTED_EDGE('',*,*,#1794,.F.);
#2490=ORIENTED_EDGE('',*,*,#1932,.F.);
#2491=ORIENTED_EDGE('',*,*,#1933,.F.);
#2492=ORIENTED_EDGE('',*,*,#1934,.F.);
#2493=ORIENTED_EDGE('',*,*,#1708,.F.);
#2494=ORIENTED_EDGE('',*,*,#1935,.F.);
#2495=ORIENTED_EDGE('',*,*,#1695,.T.);
#2496=ORIENTED_EDGE('',*,*,#1686,.T.);
#2497=ORIENTED_EDGE('',*,*,#1662,.F.);
#2498=ORIENTED_EDGE('',*,*,#1936,.T.);
#2499=ORIENTED_EDGE('',*,*,#1758,.T.);
#2500=ORIENTED_EDGE('',*,*,#1937,.F.);
#2501=ORIENTED_EDGE('',*,*,#1774,.F.);
#2502=ORIENTED_EDGE('',*,*,#1938,.T.);
#2503=ORIENTED_EDGE('',*,*,#1728,.T.);
#2504=ORIENTED_EDGE('',*,*,#1685,.T.);
#2505=ORIENTED_EDGE('',*,*,#1807,.T.);
#2506=ORIENTED_EDGE('',*,*,#1939,.T.);
#2507=ORIENTED_EDGE('',*,*,#1928,.T.);
#2508=ORIENTED_EDGE('',*,*,#1940,.T.);
#2509=ORIENTED_EDGE('',*,*,#1941,.T.);
#2510=ORIENTED_EDGE('',*,*,#1942,.T.);
#2511=ORIENTED_EDGE('',*,*,#1710,.T.);
#2512=ORIENTED_EDGE('',*,*,#1889,.T.);
#2513=ORIENTED_EDGE('',*,*,#1943,.T.);
#2514=ORIENTED_EDGE('',*,*,#1944,.T.);
#2515=ORIENTED_EDGE('',*,*,#1945,.T.);
#2516=ORIENTED_EDGE('',*,*,#1825,.F.);
#2517=ORIENTED_EDGE('',*,*,#1746,.F.);
#2518=ORIENTED_EDGE('',*,*,#1946,.F.);
#2519=ORIENTED_EDGE('',*,*,#1947,.T.);
#2520=ORIENTED_EDGE('',*,*,#1898,.T.);
#2521=ORIENTED_EDGE('',*,*,#1948,.T.);
#2522=ORIENTED_EDGE('',*,*,#1764,.T.);
#2523=ORIENTED_EDGE('',*,*,#1949,.T.);
#2524=ORIENTED_EDGE('',*,*,#1950,.T.);
#2525=ORIENTED_EDGE('',*,*,#1719,.F.);
#2526=ORIENTED_EDGE('',*,*,#1909,.T.);
#2527=ORIENTED_EDGE('',*,*,#1951,.F.);
#2528=ORIENTED_EDGE('',*,*,#1706,.T.);
#2529=ORIENTED_EDGE('',*,*,#1796,.T.);
#2530=ORIENTED_EDGE('',*,*,#1900,.T.);
#2531=ORIENTED_EDGE('',*,*,#1927,.F.);
#2532=ORIENTED_EDGE('',*,*,#1952,.T.);
#2533=ORIENTED_EDGE('',*,*,#1953,.T.);
#2534=ORIENTED_EDGE('',*,*,#1954,.T.);
#2535=ORIENTED_EDGE('',*,*,#1955,.T.);
#2536=ORIENTED_EDGE('',*,*,#1956,.T.);
#2537=ORIENTED_EDGE('',*,*,#1674,.F.);
#2538=ORIENTED_EDGE('',*,*,#1957,.T.);
#2539=ORIENTED_EDGE('',*,*,#1958,.T.);
#2540=ORIENTED_EDGE('',*,*,#1959,.T.);
#2541=ORIENTED_EDGE('',*,*,#1960,.F.);
#2542=ORIENTED_EDGE('',*,*,#1946,.T.);
#2543=ORIENTED_EDGE('',*,*,#1961,.F.);
#2544=ORIENTED_EDGE('',*,*,#1962,.T.);
#2545=ORIENTED_EDGE('',*,*,#1963,.T.);
#2546=ORIENTED_EDGE('',*,*,#1964,.F.);
#2547=ORIENTED_EDGE('',*,*,#1846,.T.);
#2548=ORIENTED_EDGE('',*,*,#1965,.F.);
#2549=ORIENTED_EDGE('',*,*,#1715,.F.);
#2550=ORIENTED_EDGE('',*,*,#1931,.T.);
#2551=ORIENTED_EDGE('',*,*,#1966,.F.);
#2552=ORIENTED_EDGE('',*,*,#1956,.F.);
#2553=ORIENTED_EDGE('',*,*,#1893,.T.);
#2554=ORIENTED_EDGE('',*,*,#1967,.F.);
#2555=ORIENTED_EDGE('',*,*,#1883,.T.);
#2556=ORIENTED_EDGE('',*,*,#1801,.F.);
#2557=ORIENTED_EDGE('',*,*,#1968,.T.);
#2558=ORIENTED_EDGE('',*,*,#1969,.F.);
#2559=ORIENTED_EDGE('',*,*,#1905,.T.);
#2560=ORIENTED_EDGE('',*,*,#1970,.T.);
#2561=ORIENTED_EDGE('',*,*,#1929,.T.);
#2562=ORIENTED_EDGE('',*,*,#1713,.F.);
#2563=ORIENTED_EDGE('',*,*,#1742,.T.);
#2564=ORIENTED_EDGE('',*,*,#1872,.T.);
#2565=ORIENTED_EDGE('',*,*,#1971,.T.);
#2566=ORIENTED_EDGE('',*,*,#1972,.F.);
#2567=ORIENTED_EDGE('',*,*,#1788,.F.);
#2568=ORIENTED_EDGE('',*,*,#1793,.T.);
#2569=ORIENTED_EDGE('',*,*,#1973,.F.);
#2570=ORIENTED_EDGE('',*,*,#1817,.F.);
#2571=ORIENTED_EDGE('',*,*,#1974,.T.);
#2572=ORIENTED_EDGE('',*,*,#1826,.F.);
#2573=ORIENTED_EDGE('',*,*,#1947,.F.);
#2574=ORIENTED_EDGE('',*,*,#1975,.F.);
#2575=ORIENTED_EDGE('',*,*,#1840,.T.);
#2576=ORIENTED_EDGE('',*,*,#1865,.F.);
#2577=ORIENTED_EDGE('',*,*,#1724,.T.);
#2578=ORIENTED_EDGE('',*,*,#1976,.F.);
#2579=ORIENTED_EDGE('',*,*,#1977,.T.);
#2580=ORIENTED_EDGE('',*,*,#1978,.F.);
#2581=ORIENTED_EDGE('',*,*,#1656,.T.);
#2582=ORIENTED_EDGE('',*,*,#1866,.F.);
#2583=ORIENTED_EDGE('',*,*,#1977,.F.);
#2584=ORIENTED_EDGE('',*,*,#1979,.T.);
#2585=ORIENTED_EDGE('',*,*,#1980,.T.);
#2586=ORIENTED_EDGE('',*,*,#1868,.T.);
#2587=ORIENTED_EDGE('',*,*,#1981,.F.);
#2588=ORIENTED_EDGE('',*,*,#1982,.F.);
#2589=ORIENTED_EDGE('',*,*,#1759,.T.);
#2590=ORIENTED_EDGE('',*,*,#1936,.F.);
#2591=ORIENTED_EDGE('',*,*,#1661,.F.);
#2592=ORIENTED_EDGE('',*,*,#1980,.F.);
#2593=ORIENTED_EDGE('',*,*,#1983,.T.);
#2594=ORIENTED_EDGE('',*,*,#1782,.F.);
#2595=ORIENTED_EDGE('',*,*,#1869,.T.);
#2596=ORIENTED_EDGE('',*,*,#1871,.F.);
#2597=ORIENTED_EDGE('',*,*,#1771,.F.);
#2598=ORIENTED_EDGE('',*,*,#1984,.T.);
#2599=ORIENTED_EDGE('',*,*,#1971,.F.);
#2600=ORIENTED_EDGE('',*,*,#1864,.F.);
#2601=ORIENTED_EDGE('',*,*,#1877,.T.);
#2602=ORIENTED_EDGE('',*,*,#1819,.T.);
#2603=ORIENTED_EDGE('',*,*,#1985,.T.);
#2604=ORIENTED_EDGE('',*,*,#1733,.F.);
#2605=ORIENTED_EDGE('',*,*,#1986,.T.);
#2606=ORIENTED_EDGE('',*,*,#1987,.T.);
#2607=ORIENTED_EDGE('',*,*,#1722,.F.);
#2608=ORIENTED_EDGE('',*,*,#1988,.F.);
#2609=ORIENTED_EDGE('',*,*,#1839,.F.);
#2610=ORIENTED_EDGE('',*,*,#1972,.T.);
#2611=ORIENTED_EDGE('',*,*,#1984,.F.);
#2612=ORIENTED_EDGE('',*,*,#1770,.F.);
#2613=ORIENTED_EDGE('',*,*,#1766,.F.);
#2614=ORIENTED_EDGE('',*,*,#1989,.F.);
#2615=ORIENTED_EDGE('',*,*,#1783,.F.);
#2616=ORIENTED_EDGE('',*,*,#1983,.F.);
#2617=ORIENTED_EDGE('',*,*,#1979,.F.);
#2618=ORIENTED_EDGE('',*,*,#1990,.T.);
#2619=ORIENTED_EDGE('',*,*,#1859,.T.);
#2620=ORIENTED_EDGE('',*,*,#1657,.T.);
#2621=ORIENTED_EDGE('',*,*,#1978,.T.);
#2622=ORIENTED_EDGE('',*,*,#1976,.T.);
#2623=ORIENTED_EDGE('',*,*,#1723,.T.);
#2624=ORIENTED_EDGE('',*,*,#1987,.F.);
#2625=ORIENTED_EDGE('',*,*,#1991,.T.);
#2626=ORIENTED_EDGE('',*,*,#1784,.F.);
#2627=ORIENTED_EDGE('',*,*,#1989,.T.);
#2628=ORIENTED_EDGE('',*,*,#1769,.T.);
#2629=ORIENTED_EDGE('',*,*,#1870,.T.);
#2630=ORIENTED_EDGE('',*,*,#1757,.F.);
#2631=ORIENTED_EDGE('',*,*,#1808,.F.);
#2632=ORIENTED_EDGE('',*,*,#1775,.T.);
#2633=ORIENTED_EDGE('',*,*,#1937,.T.);
#2634=ORIENTED_EDGE('',*,*,#1823,.F.);
#2635=ORIENTED_EDGE('',*,*,#1992,.T.);
#2636=ORIENTED_EDGE('',*,*,#1993,.F.);
#2637=ORIENTED_EDGE('',*,*,#1994,.T.);
#2638=ORIENTED_EDGE('',*,*,#1888,.T.);
#2639=ORIENTED_EDGE('',*,*,#1799,.T.);
#2640=ORIENTED_EDGE('',*,*,#1995,.T.);
#2641=ORIENTED_EDGE('',*,*,#1943,.F.);
#2642=ORIENTED_EDGE('',*,*,#1996,.F.);
#2643=ORIENTED_EDGE('',*,*,#1944,.F.);
#2644=ORIENTED_EDGE('',*,*,#1995,.F.);
#2645=ORIENTED_EDGE('',*,*,#1798,.F.);
#2646=ORIENTED_EDGE('',*,*,#1997,.T.);
#2647=ORIENTED_EDGE('',*,*,#1998,.T.);
#2648=ORIENTED_EDGE('',*,*,#1999,.F.);
#2649=ORIENTED_EDGE('',*,*,#1918,.F.);
#2650=ORIENTED_EDGE('',*,*,#1843,.T.);
#2651=ORIENTED_EDGE('',*,*,#1968,.F.);
#2652=ORIENTED_EDGE('',*,*,#1804,.T.);
#2653=ORIENTED_EDGE('',*,*,#1831,.F.);
#2654=ORIENTED_EDGE('',*,*,#2000,.F.);
#2655=ORIENTED_EDGE('',*,*,#2001,.F.);
#2656=ORIENTED_EDGE('',*,*,#1920,.T.);
#2657=ORIENTED_EDGE('',*,*,#2002,.T.);
#2658=ORIENTED_EDGE('',*,*,#2003,.F.);
#2659=ORIENTED_EDGE('',*,*,#2001,.T.);
#2660=ORIENTED_EDGE('',*,*,#2004,.F.);
#2661=ORIENTED_EDGE('',*,*,#1967,.T.);
#2662=ORIENTED_EDGE('',*,*,#2005,.T.);
#2663=ORIENTED_EDGE('',*,*,#1697,.F.);
#2664=ORIENTED_EDGE('',*,*,#1852,.T.);
#2665=ORIENTED_EDGE('',*,*,#1717,.F.);
#2666=ORIENTED_EDGE('',*,*,#2006,.T.);
#2667=ORIENTED_EDGE('',*,*,#2007,.F.);
#2668=ORIENTED_EDGE('',*,*,#2008,.T.);
#2669=ORIENTED_EDGE('',*,*,#1814,.T.);
#2670=ORIENTED_EDGE('',*,*,#2009,.T.);
#2671=ORIENTED_EDGE('',*,*,#1891,.T.);
#2672=ORIENTED_EDGE('',*,*,#1880,.F.);
#2673=ORIENTED_EDGE('',*,*,#1861,.F.);
#2674=ORIENTED_EDGE('',*,*,#1760,.T.);
#2675=ORIENTED_EDGE('',*,*,#1982,.T.);
#2676=ORIENTED_EDGE('',*,*,#1660,.F.);
#2677=ORIENTED_EDGE('',*,*,#1874,.T.);
#2678=ORIENTED_EDGE('',*,*,#1857,.T.);
#2679=ORIENTED_EDGE('',*,*,#1811,.F.);
#2680=ORIENTED_EDGE('',*,*,#2010,.F.);
#2681=ORIENTED_EDGE('',*,*,#1882,.F.);
#2682=ORIENTED_EDGE('',*,*,#1945,.F.);
#2683=ORIENTED_EDGE('',*,*,#1996,.T.);
#2684=ORIENTED_EDGE('',*,*,#1803,.T.);
#2685=ORIENTED_EDGE('',*,*,#1813,.F.);
#2686=ORIENTED_EDGE('',*,*,#1856,.T.);
#2687=ORIENTED_EDGE('',*,*,#1873,.T.);
#2688=ORIENTED_EDGE('',*,*,#1974,.F.);
#2689=ORIENTED_EDGE('',*,*,#1816,.T.);
#2690=ORIENTED_EDGE('',*,*,#2011,.T.);
#2691=ORIENTED_EDGE('',*,*,#2011,.F.);
#2692=ORIENTED_EDGE('',*,*,#1815,.T.);
#2693=ORIENTED_EDGE('',*,*,#2010,.T.);
#2694=ORIENTED_EDGE('',*,*,#1810,.T.);
#2695=ORIENTED_EDGE('',*,*,#1752,.T.);
#2696=ORIENTED_EDGE('',*,*,#2012,.F.);
#2697=ORIENTED_EDGE('',*,*,#1777,.F.);
#2698=ORIENTED_EDGE('',*,*,#1809,.T.);
#2699=ORIENTED_EDGE('',*,*,#1755,.T.);
#2700=ORIENTED_EDGE('',*,*,#2013,.T.);
#2701=ORIENTED_EDGE('',*,*,#2014,.T.);
#2702=ORIENTED_EDGE('',*,*,#2015,.T.);
#2703=ORIENTED_EDGE('',*,*,#1973,.T.);
#2704=ORIENTED_EDGE('',*,*,#1792,.T.);
#2705=ORIENTED_EDGE('',*,*,#1666,.F.);
#2706=ORIENTED_EDGE('',*,*,#1790,.T.);
#2707=ORIENTED_EDGE('',*,*,#1838,.F.);
#2708=ORIENTED_EDGE('',*,*,#1988,.T.);
#2709=ORIENTED_EDGE('',*,*,#2016,.T.);
#2710=ORIENTED_EDGE('',*,*,#2013,.F.);
#2711=ORIENTED_EDGE('',*,*,#1754,.T.);
#2712=ORIENTED_EDGE('',*,*,#1734,.F.);
#2713=ORIENTED_EDGE('',*,*,#1985,.F.);
#2714=ORIENTED_EDGE('',*,*,#1818,.F.);
#2715=ORIENTED_EDGE('',*,*,#1919,.T.);
#2716=ORIENTED_EDGE('',*,*,#1999,.T.);
#2717=ORIENTED_EDGE('',*,*,#2017,.F.);
#2718=ORIENTED_EDGE('',*,*,#1885,.F.);
#2719=ORIENTED_EDGE('',*,*,#2018,.T.);
#2720=ORIENTED_EDGE('',*,*,#2008,.F.);
#2721=ORIENTED_EDGE('',*,*,#2019,.T.);
#2722=ORIENTED_EDGE('',*,*,#1747,.T.);
#2723=ORIENTED_EDGE('',*,*,#1867,.F.);
#2724=ORIENTED_EDGE('',*,*,#1860,.T.);
#2725=ORIENTED_EDGE('',*,*,#1990,.F.);
#2726=ORIENTED_EDGE('',*,*,#1981,.T.);
#2727=ORIENTED_EDGE('',*,*,#1991,.F.);
#2728=ORIENTED_EDGE('',*,*,#2020,.T.);
#2729=ORIENTED_EDGE('',*,*,#2014,.F.);
#2730=ORIENTED_EDGE('',*,*,#2016,.F.);
#2731=ORIENTED_EDGE('',*,*,#1986,.F.);
#2732=ORIENTED_EDGE('',*,*,#1736,.F.);
#2733=ORIENTED_EDGE('',*,*,#1753,.F.);
#2734=ORIENTED_EDGE('',*,*,#2015,.F.);
#2735=ORIENTED_EDGE('',*,*,#2020,.F.);
#2736=ORIENTED_EDGE('',*,*,#2021,.F.);
#2737=ORIENTED_EDGE('',*,*,#1848,.T.);
#2738=ORIENTED_EDGE('',*,*,#2022,.F.);
#2739=ORIENTED_EDGE('',*,*,#2023,.F.);
#2740=ORIENTED_EDGE('',*,*,#1933,.T.);
#2741=ORIENTED_EDGE('',*,*,#2024,.T.);
#2742=ORIENTED_EDGE('',*,*,#1941,.F.);
#2743=ORIENTED_EDGE('',*,*,#2025,.F.);
#2744=ORIENTED_EDGE('',*,*,#1942,.F.);
#2745=ORIENTED_EDGE('',*,*,#2024,.F.);
#2746=ORIENTED_EDGE('',*,*,#2026,.T.);
#2747=ORIENTED_EDGE('',*,*,#1997,.F.);
#2748=ORIENTED_EDGE('',*,*,#1797,.F.);
#2749=ORIENTED_EDGE('',*,*,#1887,.F.);
#2750=ORIENTED_EDGE('',*,*,#2027,.T.);
#2751=ORIENTED_EDGE('',*,*,#1711,.T.);
#2752=ORIENTED_EDGE('',*,*,#1934,.T.);
#2753=ORIENTED_EDGE('',*,*,#2025,.T.);
#2754=ORIENTED_EDGE('',*,*,#1940,.F.);
#2755=ORIENTED_EDGE('',*,*,#1709,.F.);
#2756=ORIENTED_EDGE('',*,*,#1875,.T.);
#2757=ORIENTED_EDGE('',*,*,#1670,.T.);
#2758=ORIENTED_EDGE('',*,*,#1791,.F.);
#2759=ORIENTED_EDGE('',*,*,#1693,.F.);
#2760=ORIENTED_EDGE('',*,*,#1698,.F.);
#2761=ORIENTED_EDGE('',*,*,#2005,.F.);
#2762=ORIENTED_EDGE('',*,*,#1892,.T.);
#2763=ORIENTED_EDGE('',*,*,#1679,.F.);
#2764=ORIENTED_EDGE('',*,*,#1675,.F.);
#2765=ORIENTED_EDGE('',*,*,#1738,.F.);
#2766=ORIENTED_EDGE('',*,*,#1903,.T.);
#2767=ORIENTED_EDGE('',*,*,#2028,.F.);
#2768=ORIENTED_EDGE('',*,*,#2029,.F.);
#2769=ORIENTED_EDGE('',*,*,#2023,.T.);
#2770=ORIENTED_EDGE('',*,*,#2030,.F.);
#2771=ORIENTED_EDGE('',*,*,#1963,.F.);
#2772=ORIENTED_EDGE('',*,*,#2031,.T.);
#2773=ORIENTED_EDGE('',*,*,#1748,.F.);
#2774=ORIENTED_EDGE('',*,*,#2019,.F.);
#2775=ORIENTED_EDGE('',*,*,#2007,.T.);
#2776=ORIENTED_EDGE('',*,*,#2032,.T.);
#2777=ORIENTED_EDGE('',*,*,#1966,.T.);
#2778=ORIENTED_EDGE('',*,*,#1930,.T.);
#2779=ORIENTED_EDGE('',*,*,#1970,.F.);
#2780=ORIENTED_EDGE('',*,*,#1741,.T.);
#2781=ORIENTED_EDGE('',*,*,#1854,.T.);
#2782=ORIENTED_EDGE('',*,*,#2033,.T.);
#2783=ORIENTED_EDGE('',*,*,#1951,.T.);
#2784=ORIENTED_EDGE('',*,*,#1908,.T.);
#2785=ORIENTED_EDGE('',*,*,#1912,.T.);
#2786=ORIENTED_EDGE('',*,*,#2034,.T.);
#2787=ORIENTED_EDGE('',*,*,#1732,.T.);
#2788=ORIENTED_EDGE('',*,*,#1914,.T.);
#2789=ORIENTED_EDGE('',*,*,#1778,.T.);
#2790=ORIENTED_EDGE('',*,*,#2012,.T.);
#2791=ORIENTED_EDGE('',*,*,#1751,.F.);
#2792=ORIENTED_EDGE('',*,*,#1890,.T.);
#2793=ORIENTED_EDGE('',*,*,#2009,.F.);
#2794=ORIENTED_EDGE('',*,*,#1821,.F.);
#2795=ORIENTED_EDGE('',*,*,#1876,.T.);
#2796=ORIENTED_EDGE('',*,*,#1829,.F.);
#2797=ORIENTED_EDGE('',*,*,#1922,.F.);
#2798=ORIENTED_EDGE('',*,*,#2035,.F.);
#2799=ORIENTED_EDGE('',*,*,#2036,.F.);
#2800=ORIENTED_EDGE('',*,*,#1964,.T.);
#2801=ORIENTED_EDGE('',*,*,#2030,.T.);
#2802=ORIENTED_EDGE('',*,*,#2022,.T.);
#2803=ORIENTED_EDGE('',*,*,#1847,.T.);
#2804=ORIENTED_EDGE('',*,*,#2021,.T.);
#2805=ORIENTED_EDGE('',*,*,#2029,.T.);
#2806=ORIENTED_EDGE('',*,*,#2037,.F.);
#2807=ORIENTED_EDGE('',*,*,#1849,.T.);
#2808=ORIENTED_EDGE('',*,*,#2037,.T.);
#2809=ORIENTED_EDGE('',*,*,#2028,.T.);
#2810=ORIENTED_EDGE('',*,*,#1969,.T.);
#2811=ORIENTED_EDGE('',*,*,#1842,.T.);
#2812=ORIENTED_EDGE('',*,*,#2018,.F.);
#2813=ORIENTED_EDGE('',*,*,#1844,.T.);
#2814=ORIENTED_EDGE('',*,*,#1677,.F.);
#2815=ORIENTED_EDGE('',*,*,#1850,.T.);
#2816=ORIENTED_EDGE('',*,*,#1696,.F.);
#2817=ORIENTED_EDGE('',*,*,#1935,.T.);
#2818=ORIENTED_EDGE('',*,*,#2027,.F.);
#2819=ORIENTED_EDGE('',*,*,#1886,.F.);
#2820=ORIENTED_EDGE('',*,*,#2017,.T.);
#2821=ORIENTED_EDGE('',*,*,#1998,.F.);
#2822=ORIENTED_EDGE('',*,*,#2026,.F.);
#2823=ORIENTED_EDGE('',*,*,#1932,.T.);
#2824=ORIENTED_EDGE('',*,*,#1704,.T.);
#2825=ORIENTED_EDGE('',*,*,#2038,.F.);
#2826=ORIENTED_EDGE('',*,*,#2039,.T.);
#2827=ORIENTED_EDGE('',*,*,#2040,.F.);
#2828=ORIENTED_EDGE('',*,*,#1700,.T.);
#2829=ORIENTED_EDGE('',*,*,#1939,.F.);
#2830=ORIENTED_EDGE('',*,*,#1837,.T.);
#2831=ORIENTED_EDGE('',*,*,#2041,.F.);
#2832=ORIENTED_EDGE('',*,*,#2042,.T.);
#2833=ORIENTED_EDGE('',*,*,#2043,.F.);
#2834=ORIENTED_EDGE('',*,*,#1833,.T.);
#2835=ORIENTED_EDGE('',*,*,#1938,.F.);
#2836=ORIENTED_EDGE('',*,*,#1773,.T.);
#2837=ORIENTED_EDGE('',*,*,#1916,.F.);
#2838=ORIENTED_EDGE('',*,*,#1906,.T.);
#2839=ORIENTED_EDGE('',*,*,#1718,.F.);
#2840=ORIENTED_EDGE('',*,*,#2044,.F.);
#2841=ORIENTED_EDGE('',*,*,#2045,.T.);
#2842=ORIENTED_EDGE('',*,*,#1962,.F.);
#2843=ORIENTED_EDGE('',*,*,#2046,.T.);
#2844=ORIENTED_EDGE('',*,*,#2047,.F.);
#2845=ORIENTED_EDGE('',*,*,#2048,.T.);
#2846=ORIENTED_EDGE('',*,*,#1965,.T.);
#2847=ORIENTED_EDGE('',*,*,#2049,.T.);
#2848=ORIENTED_EDGE('',*,*,#2050,.F.);
#2849=ORIENTED_EDGE('',*,*,#1954,.F.);
#2850=ORIENTED_EDGE('',*,*,#2051,.F.);
#2851=ORIENTED_EDGE('',*,*,#2052,.F.);
#2852=ORIENTED_EDGE('',*,*,#1701,.T.);
#2853=ORIENTED_EDGE('',*,*,#2040,.T.);
#2854=ORIENTED_EDGE('',*,*,#2053,.F.);
#2855=ORIENTED_EDGE('',*,*,#2054,.F.);
#2856=ORIENTED_EDGE('',*,*,#1716,.F.);
#2857=ORIENTED_EDGE('',*,*,#2048,.F.);
#2858=ORIENTED_EDGE('',*,*,#2055,.T.);
#2859=ORIENTED_EDGE('',*,*,#2056,.T.);
#2860=ORIENTED_EDGE('',*,*,#2057,.T.);
#2861=ORIENTED_EDGE('',*,*,#2051,.T.);
#2862=ORIENTED_EDGE('',*,*,#1953,.F.);
#2863=ORIENTED_EDGE('',*,*,#2031,.F.);
#2864=ORIENTED_EDGE('',*,*,#2045,.F.);
#2865=ORIENTED_EDGE('',*,*,#2058,.T.);
#2866=ORIENTED_EDGE('',*,*,#2059,.F.);
#2867=ORIENTED_EDGE('',*,*,#2060,.F.);
#2868=ORIENTED_EDGE('',*,*,#2061,.T.);
#2869=ORIENTED_EDGE('',*,*,#2006,.F.);
#2870=ORIENTED_EDGE('',*,*,#2054,.T.);
#2871=ORIENTED_EDGE('',*,*,#2062,.F.);
#2872=ORIENTED_EDGE('',*,*,#2063,.T.);
#2873=ORIENTED_EDGE('',*,*,#1749,.T.);
#2874=ORIENTED_EDGE('',*,*,#2059,.T.);
#2875=ORIENTED_EDGE('',*,*,#2064,.T.);
#2876=ORIENTED_EDGE('',*,*,#2065,.F.);
#2877=ORIENTED_EDGE('',*,*,#2046,.F.);
#2878=ORIENTED_EDGE('',*,*,#1845,.T.);
#2879=ORIENTED_EDGE('',*,*,#2063,.F.);
#2880=ORIENTED_EDGE('',*,*,#2066,.T.);
#2881=ORIENTED_EDGE('',*,*,#2038,.T.);
#2882=ORIENTED_EDGE('',*,*,#1703,.T.);
#2883=ORIENTED_EDGE('',*,*,#2067,.T.);
#2884=ORIENTED_EDGE('',*,*,#2056,.F.);
#2885=ORIENTED_EDGE('',*,*,#1952,.F.);
#2886=ORIENTED_EDGE('',*,*,#2064,.F.);
#2887=ORIENTED_EDGE('',*,*,#1955,.F.);
#2888=ORIENTED_EDGE('',*,*,#2050,.T.);
#2889=ORIENTED_EDGE('',*,*,#2068,.T.);
#2890=ORIENTED_EDGE('',*,*,#1702,.T.);
#2891=ORIENTED_EDGE('',*,*,#2052,.T.);
#2892=ORIENTED_EDGE('',*,*,#2057,.F.);
#2893=ORIENTED_EDGE('',*,*,#2067,.F.);
#2894=ORIENTED_EDGE('',*,*,#2069,.T.);
#2895=ORIENTED_EDGE('',*,*,#2070,.F.);
#2896=ORIENTED_EDGE('',*,*,#2071,.T.);
#2897=ORIENTED_EDGE('',*,*,#2072,.T.);
#2898=ORIENTED_EDGE('',*,*,#2060,.T.);
#2899=ORIENTED_EDGE('',*,*,#2073,.T.);
#2900=ORIENTED_EDGE('',*,*,#2074,.F.);
#2901=ORIENTED_EDGE('',*,*,#2070,.T.);
#2902=ORIENTED_EDGE('',*,*,#2044,.T.);
#2903=ORIENTED_EDGE('',*,*,#2072,.F.);
#2904=ORIENTED_EDGE('',*,*,#2075,.T.);
#2905=ORIENTED_EDGE('',*,*,#2076,.T.);
#2906=ORIENTED_EDGE('',*,*,#2058,.F.);
#2907=ORIENTED_EDGE('',*,*,#2076,.F.);
#2908=ORIENTED_EDGE('',*,*,#2077,.F.);
#2909=ORIENTED_EDGE('',*,*,#2073,.F.);
#2910=ORIENTED_EDGE('',*,*,#2074,.T.);
#2911=ORIENTED_EDGE('',*,*,#2077,.T.);
#2912=ORIENTED_EDGE('',*,*,#2075,.F.);
#2913=ORIENTED_EDGE('',*,*,#2071,.F.);
#2914=ORIENTED_EDGE('',*,*,#2032,.F.);
#2915=ORIENTED_EDGE('',*,*,#2061,.F.);
#2916=ORIENTED_EDGE('',*,*,#2069,.F.);
#2917=ORIENTED_EDGE('',*,*,#2049,.F.);
#2918=ORIENTED_EDGE('',*,*,#2047,.T.);
#2919=ORIENTED_EDGE('',*,*,#2065,.T.);
#2920=ORIENTED_EDGE('',*,*,#2068,.F.);
#2921=ORIENTED_EDGE('',*,*,#2055,.F.);
#2922=ORIENTED_EDGE('',*,*,#2062,.T.);
#2923=ORIENTED_EDGE('',*,*,#2053,.T.);
#2924=ORIENTED_EDGE('',*,*,#2039,.F.);
#2925=ORIENTED_EDGE('',*,*,#2066,.F.);
#2926=ORIENTED_EDGE('',*,*,#2078,.T.);
#2927=ORIENTED_EDGE('',*,*,#2079,.T.);
#2928=ORIENTED_EDGE('',*,*,#1975,.T.);
#2929=ORIENTED_EDGE('',*,*,#1960,.T.);
#2930=ORIENTED_EDGE('',*,*,#2080,.T.);
#2931=ORIENTED_EDGE('',*,*,#1961,.T.);
#2932=ORIENTED_EDGE('',*,*,#1745,.T.);
#2933=ORIENTED_EDGE('',*,*,#2081,.T.);
#2934=ORIENTED_EDGE('',*,*,#2082,.T.);
#2935=ORIENTED_EDGE('',*,*,#2081,.F.);
#2936=ORIENTED_EDGE('',*,*,#1841,.T.);
#2937=ORIENTED_EDGE('',*,*,#2079,.F.);
#2938=ORIENTED_EDGE('',*,*,#1917,.T.);
#2939=ORIENTED_EDGE('',*,*,#2083,.T.);
#2940=ORIENTED_EDGE('',*,*,#2084,.F.);
#2941=ORIENTED_EDGE('',*,*,#1672,.T.);
#2942=ORIENTED_EDGE('',*,*,#1824,.F.);
#2943=ORIENTED_EDGE('',*,*,#1994,.F.);
#2944=ORIENTED_EDGE('',*,*,#2085,.F.);
#2945=ORIENTED_EDGE('',*,*,#1763,.T.);
#2946=ORIENTED_EDGE('',*,*,#1822,.F.);
#2947=ORIENTED_EDGE('',*,*,#1765,.F.);
#2948=ORIENTED_EDGE('',*,*,#2086,.F.);
#2949=ORIENTED_EDGE('',*,*,#1992,.F.);
#2950=ORIENTED_EDGE('',*,*,#2080,.F.);
#2951=ORIENTED_EDGE('',*,*,#2082,.F.);
#2952=ORIENTED_EDGE('',*,*,#2078,.F.);
#2953=ORIENTED_EDGE('',*,*,#1959,.F.);
#2954=ORIENTED_EDGE('',*,*,#2033,.F.);
#2955=ORIENTED_EDGE('',*,*,#2087,.F.);
#2956=ORIENTED_EDGE('',*,*,#2088,.T.);
#2957=ORIENTED_EDGE('',*,*,#2089,.F.);
#2958=ORIENTED_EDGE('',*,*,#2090,.T.);
#2959=ORIENTED_EDGE('',*,*,#2091,.T.);
#2960=ORIENTED_EDGE('',*,*,#2092,.F.);
#2961=ORIENTED_EDGE('',*,*,#2093,.T.);
#2962=ORIENTED_EDGE('',*,*,#2092,.T.);
#2963=ORIENTED_EDGE('',*,*,#2094,.T.);
#2964=ORIENTED_EDGE('',*,*,#2095,.F.);
#2965=ORIENTED_EDGE('',*,*,#2096,.F.);
#2966=ORIENTED_EDGE('',*,*,#2097,.T.);
#2967=ORIENTED_EDGE('',*,*,#2098,.F.);
#2968=ORIENTED_EDGE('',*,*,#2095,.T.);
#2969=ORIENTED_EDGE('',*,*,#2099,.T.);
#2970=ORIENTED_EDGE('',*,*,#2100,.T.);
#2971=ORIENTED_EDGE('',*,*,#2093,.F.);
#2972=ORIENTED_EDGE('',*,*,#2096,.T.);
#2973=ORIENTED_EDGE('',*,*,#2098,.T.);
#2974=ORIENTED_EDGE('',*,*,#2034,.F.);
#2975=ORIENTED_EDGE('',*,*,#2101,.F.);
#2976=ORIENTED_EDGE('',*,*,#2100,.F.);
#2977=ORIENTED_EDGE('',*,*,#2102,.F.);
#2978=ORIENTED_EDGE('',*,*,#2103,.T.);
#2979=ORIENTED_EDGE('',*,*,#2104,.T.);
#2980=ORIENTED_EDGE('',*,*,#2042,.F.);
#2981=ORIENTED_EDGE('',*,*,#2105,.F.);
#2982=ORIENTED_EDGE('',*,*,#2106,.F.);
#2983=ORIENTED_EDGE('',*,*,#1926,.T.);
#2984=ORIENTED_EDGE('',*,*,#2107,.T.);
#2985=ORIENTED_EDGE('',*,*,#2108,.T.);
#2986=ORIENTED_EDGE('',*,*,#1835,.T.);
#2987=ORIENTED_EDGE('',*,*,#2109,.T.);
#2988=ORIENTED_EDGE('',*,*,#2110,.F.);
#2989=ORIENTED_EDGE('',*,*,#2111,.F.);
#2990=ORIENTED_EDGE('',*,*,#2112,.T.);
#2991=ORIENTED_EDGE('',*,*,#2110,.T.);
#2992=ORIENTED_EDGE('',*,*,#2113,.T.);
#2993=ORIENTED_EDGE('',*,*,#1924,.T.);
#2994=ORIENTED_EDGE('',*,*,#2106,.T.);
#2995=ORIENTED_EDGE('',*,*,#2114,.F.);
#2996=ORIENTED_EDGE('',*,*,#2115,.F.);
#2997=ORIENTED_EDGE('',*,*,#1720,.F.);
#2998=ORIENTED_EDGE('',*,*,#2116,.F.);
#2999=ORIENTED_EDGE('',*,*,#2105,.T.);
#3000=ORIENTED_EDGE('',*,*,#2041,.T.);
#3001=ORIENTED_EDGE('',*,*,#1836,.F.);
#3002=ORIENTED_EDGE('',*,*,#2111,.T.);
#3003=ORIENTED_EDGE('',*,*,#2112,.F.);
#3004=ORIENTED_EDGE('',*,*,#1923,.T.);
#3005=ORIENTED_EDGE('',*,*,#2107,.F.);
#3006=ORIENTED_EDGE('',*,*,#1925,.T.);
#3007=ORIENTED_EDGE('',*,*,#2113,.F.);
#3008=ORIENTED_EDGE('',*,*,#2109,.F.);
#3009=ORIENTED_EDGE('',*,*,#1834,.F.);
#3010=ORIENTED_EDGE('',*,*,#2043,.T.);
#3011=ORIENTED_EDGE('',*,*,#2104,.F.);
#3012=ORIENTED_EDGE('',*,*,#2117,.F.);
#3013=ORIENTED_EDGE('',*,*,#1915,.F.);
#3014=ORIENTED_EDGE('',*,*,#2118,.F.);
#3015=ORIENTED_EDGE('',*,*,#2119,.T.);
#3016=ORIENTED_EDGE('',*,*,#2090,.F.);
#3017=ORIENTED_EDGE('',*,*,#2101,.T.);
#3018=ORIENTED_EDGE('',*,*,#1911,.F.);
#3019=ORIENTED_EDGE('',*,*,#2117,.T.);
#3020=ORIENTED_EDGE('',*,*,#2103,.F.);
#3021=ORIENTED_EDGE('',*,*,#2116,.T.);
#3022=ORIENTED_EDGE('',*,*,#1950,.F.);
#3023=ORIENTED_EDGE('',*,*,#2089,.T.);
#3024=ORIENTED_EDGE('',*,*,#2097,.F.);
#3025=ORIENTED_EDGE('',*,*,#2087,.T.);
#3026=ORIENTED_EDGE('',*,*,#1853,.T.);
#3027=ORIENTED_EDGE('',*,*,#2115,.T.);
#3028=ORIENTED_EDGE('',*,*,#2120,.F.);
#3029=ORIENTED_EDGE('',*,*,#2118,.T.);
#3030=ORIENTED_EDGE('',*,*,#1729,.T.);
#3031=ORIENTED_EDGE('',*,*,#2102,.T.);
#3032=ORIENTED_EDGE('',*,*,#2120,.T.);
#3033=ORIENTED_EDGE('',*,*,#2114,.T.);
#3034=ORIENTED_EDGE('',*,*,#2108,.F.);
#3035=ORIENTED_EDGE('',*,*,#2119,.F.);
#3036=ORIENTED_EDGE('',*,*,#2088,.F.);
#3037=ORIENTED_EDGE('',*,*,#2099,.F.);
#3038=ORIENTED_EDGE('',*,*,#2094,.F.);
#3039=ORIENTED_EDGE('',*,*,#2091,.F.);
#3040=ORIENTED_EDGE('',*,*,#2121,.T.);
#3041=ORIENTED_EDGE('',*,*,#2122,.T.);
#3042=ORIENTED_EDGE('',*,*,#1921,.T.);
#3043=ORIENTED_EDGE('',*,*,#2003,.T.);
#3044=ORIENTED_EDGE('',*,*,#2123,.T.);
#3045=ORIENTED_EDGE('',*,*,#2004,.T.);
#3046=ORIENTED_EDGE('',*,*,#2124,.T.);
#3047=ORIENTED_EDGE('',*,*,#2125,.T.);
#3048=ORIENTED_EDGE('',*,*,#2126,.T.);
#3049=ORIENTED_EDGE('',*,*,#2125,.F.);
#3050=ORIENTED_EDGE('',*,*,#2035,.T.);
#3051=ORIENTED_EDGE('',*,*,#2122,.F.);
#3052=ORIENTED_EDGE('',*,*,#1894,.F.);
#3053=ORIENTED_EDGE('',*,*,#1958,.F.);
#3054=ORIENTED_EDGE('',*,*,#2127,.F.);
#3055=ORIENTED_EDGE('',*,*,#2083,.F.);
#3056=ORIENTED_EDGE('',*,*,#1830,.F.);
#3057=ORIENTED_EDGE('',*,*,#2036,.T.);
#3058=ORIENTED_EDGE('',*,*,#2124,.F.);
#3059=ORIENTED_EDGE('',*,*,#2000,.T.);
#3060=ORIENTED_EDGE('',*,*,#2084,.T.);
#3061=ORIENTED_EDGE('',*,*,#2127,.T.);
#3062=ORIENTED_EDGE('',*,*,#1957,.F.);
#3063=ORIENTED_EDGE('',*,*,#1673,.F.);
#3064=ORIENTED_EDGE('',*,*,#2123,.F.);
#3065=ORIENTED_EDGE('',*,*,#2126,.F.);
#3066=ORIENTED_EDGE('',*,*,#2121,.F.);
#3067=ORIENTED_EDGE('',*,*,#2002,.F.);
#3068=ORIENTED_EDGE('',*,*,#1896,.T.);
#3069=ORIENTED_EDGE('',*,*,#2128,.T.);
#3070=ORIENTED_EDGE('',*,*,#1993,.T.);
#3071=ORIENTED_EDGE('',*,*,#2129,.T.);
#3072=ORIENTED_EDGE('',*,*,#1897,.T.);
#3073=ORIENTED_EDGE('',*,*,#2129,.F.);
#3074=ORIENTED_EDGE('',*,*,#2086,.T.);
#3075=ORIENTED_EDGE('',*,*,#1948,.F.);
#3076=ORIENTED_EDGE('',*,*,#1899,.T.);
#3077=ORIENTED_EDGE('',*,*,#1949,.F.);
#3078=ORIENTED_EDGE('',*,*,#2085,.T.);
#3079=ORIENTED_EDGE('',*,*,#2128,.F.);
#3080=PLANE('',#3413);
#3081=PLANE('',#3414);
#3082=PLANE('',#3416);
#3083=PLANE('',#3417);
#3084=PLANE('',#3418);
#3085=PLANE('',#3419);
#3086=PLANE('',#3420);
#3087=PLANE('',#3423);
#3088=PLANE('',#3424);
#3089=PLANE('',#3425);
#3090=PLANE('',#3426);
#3091=PLANE('',#3427);
#3092=PLANE('',#3428);
#3093=PLANE('',#3429);
#3094=PLANE('',#3430);
#3095=PLANE('',#3431);
#3096=PLANE('',#3432);
#3097=PLANE('',#3433);
#3098=PLANE('',#3434);
#3099=PLANE('',#3435);
#3100=PLANE('',#3436);
#3101=PLANE('',#3438);
#3102=PLANE('',#3439);
#3103=PLANE('',#3440);
#3104=PLANE('',#3441);
#3105=PLANE('',#3443);
#3106=PLANE('',#3444);
#3107=PLANE('',#3445);
#3108=PLANE('',#3446);
#3109=PLANE('',#3447);
#3110=PLANE('',#3454);
#3111=PLANE('',#3456);
#3112=PLANE('',#3457);
#3113=PLANE('',#3458);
#3114=PLANE('',#3459);
#3115=PLANE('',#3460);
#3116=PLANE('',#3461);
#3117=PLANE('',#3462);
#3118=PLANE('',#3463);
#3119=PLANE('',#3464);
#3120=PLANE('',#3465);
#3121=PLANE('',#3466);
#3122=PLANE('',#3467);
#3123=PLANE('',#3468);
#3124=PLANE('',#3469);
#3125=PLANE('',#3471);
#3126=PLANE('',#3472);
#3127=PLANE('',#3473);
#3128=PLANE('',#3474);
#3129=PLANE('',#3475);
#3130=PLANE('',#3476);
#3131=PLANE('',#3477);
#3132=PLANE('',#3478);
#3133=PLANE('',#3479);
#3134=PLANE('',#3480);
#3135=PLANE('',#3481);
#3136=PLANE('',#3482);
#3137=PLANE('',#3483);
#3138=PLANE('',#3484);
#3139=PLANE('',#3485);
#3140=PLANE('',#3486);
#3141=PLANE('',#3487);
#3142=PLANE('',#3488);
#3143=PLANE('',#3489);
#3144=PLANE('',#3490);
#3145=PLANE('',#3491);
#3146=PLANE('',#3492);
#3147=PLANE('',#3493);
#3148=PLANE('',#3494);
#3149=PLANE('',#3495);
#3150=PLANE('',#3496);
#3151=PLANE('',#3497);
#3152=PLANE('',#3498);
#3153=PLANE('',#3499);
#3154=PLANE('',#3500);
#3155=PLANE('',#3501);
#3156=PLANE('',#3502);
#3157=PLANE('',#3503);
#3158=PLANE('',#3504);
#3159=PLANE('',#3505);
#3160=PLANE('',#3506);
#3161=PLANE('',#3507);
#3162=PLANE('',#3508);
#3163=PLANE('',#3509);
#3164=PLANE('',#3510);
#3165=PLANE('',#3511);
#3166=PLANE('',#3513);
#3167=PLANE('',#3514);
#3168=PLANE('',#3515);
#3169=PLANE('',#3516);
#3170=PLANE('',#3517);
#3171=PLANE('',#3518);
#3172=PLANE('',#3519);
#3173=PLANE('',#3520);
#3174=PLANE('',#3521);
#3175=PLANE('',#3522);
#3176=PLANE('',#3524);
#3177=PLANE('',#3525);
#3178=PLANE('',#3526);
#3179=PLANE('',#3527);
#3180=PLANE('',#3528);
#3181=PLANE('',#3529);
#3182=PLANE('',#3530);
#3183=PLANE('',#3531);
#3184=PLANE('',#3532);
#3185=PLANE('',#3533);
#3186=PLANE('',#3534);
#3187=PLANE('',#3535);
#3188=PLANE('',#3536);
#3189=PLANE('',#3537);
#3190=PLANE('',#3538);
#3191=PLANE('',#3539);
#3192=PLANE('',#3540);
#3193=PLANE('',#3544);
#3194=PLANE('',#3545);
#3195=PLANE('',#3546);
#3196=PLANE('',#3547);
#3197=PLANE('',#3551);
#3198=PLANE('',#3553);
#3199=PLANE('',#3554);
#3200=PLANE('',#3555);
#3201=PLANE('',#3556);
#3202=PLANE('',#3557);
#3203=PLANE('',#3558);
#3204=PLANE('',#3561);
#3205=PLANE('',#3562);
#3206=PLANE('',#3563);
#3207=PLANE('',#3564);
#3208=PLANE('',#3565);
#3209=PLANE('',#3566);
#3210=PLANE('',#3567);
#3211=PLANE('',#3568);
#3212=PLANE('',#3569);
#3213=PLANE('',#3570);
#3214=PLANE('',#3571);
#3215=PLANE('',#3572);
#3216=PLANE('',#3573);
#3217=PLANE('',#3577);
#3218=PLANE('',#3581);
#3219=PLANE('',#3582);
#3220=PLANE('',#3584);
#3221=PLANE('',#3586);
#3222=PLANE('',#3587);
#3223=PLANE('',#3589);
#3224=PLANE('',#3590);
#3225=PLANE('',#3591);
#3226=PLANE('',#3592);
#3227=PLANE('',#3593);
#3228=PLANE('',#3594);
#3229=PLANE('',#3595);
#3230=PLANE('',#3596);
#3231=PLANE('',#3597);
#3232=PLANE('',#3598);
#3233=PLANE('',#3599);
#3234=ADVANCED_FACE('',(#117),#3080,.T.);
#3235=ADVANCED_FACE('',(#118),#3081,.T.);
#3236=ADVANCED_FACE('',(#119),#3082,.T.);
#3237=ADVANCED_FACE('',(#120),#3083,.F.);
#3238=ADVANCED_FACE('',(#121),#3084,.F.);
#3239=ADVANCED_FACE('',(#122),#3085,.F.);
#3240=ADVANCED_FACE('',(#123),#3086,.F.);
#3241=ADVANCED_FACE('',(#124),#20,.T.);
#3242=ADVANCED_FACE('',(#125),#3087,.F.);
#3243=ADVANCED_FACE('',(#126),#3088,.F.);
#3244=ADVANCED_FACE('',(#127),#3089,.T.);
#3245=ADVANCED_FACE('',(#128),#3090,.T.);
#3246=ADVANCED_FACE('',(#129),#3091,.F.);
#3247=ADVANCED_FACE('',(#130),#3092,.F.);
#3248=ADVANCED_FACE('',(#131),#3093,.F.);
#3249=ADVANCED_FACE('',(#132),#3094,.T.);
#3250=ADVANCED_FACE('',(#133),#3095,.T.);
#3251=ADVANCED_FACE('',(#134),#3096,.F.);
#3252=ADVANCED_FACE('',(#135),#3097,.T.);
#3253=ADVANCED_FACE('',(#136),#3098,.T.);
#3254=ADVANCED_FACE('',(#137),#3099,.F.);
#3255=ADVANCED_FACE('',(#138),#3100,.F.);
#3256=ADVANCED_FACE('',(#139),#3101,.T.);
#3257=ADVANCED_FACE('',(#140),#3102,.F.);
#3258=ADVANCED_FACE('',(#141),#3103,.F.);
#3259=ADVANCED_FACE('',(#142),#3104,.T.);
#3260=ADVANCED_FACE('',(#143),#3105,.T.);
#3261=ADVANCED_FACE('',(#144),#3106,.F.);
#3262=ADVANCED_FACE('',(#145),#3107,.T.);
#3263=ADVANCED_FACE('',(#146),#3108,.F.);
#3264=ADVANCED_FACE('',(#147),#3109,.T.);
#3265=ADVANCED_FACE('',(#148),#21,.F.);
#3266=ADVANCED_FACE('',(#149),#22,.T.);
#3267=ADVANCED_FACE('',(#150),#3110,.F.);
#3268=ADVANCED_FACE('',(#151),#23,.T.);
#3269=ADVANCED_FACE('',(#152),#3111,.F.);
#3270=ADVANCED_FACE('',(#153,#14,#15,#16),#3112,.T.);
#3271=ADVANCED_FACE('',(#154),#3113,.F.);
#3272=ADVANCED_FACE('',(#155),#3114,.T.);
#3273=ADVANCED_FACE('',(#156),#3115,.T.);
#3274=ADVANCED_FACE('',(#157),#3116,.T.);
#3275=ADVANCED_FACE('',(#158),#3117,.T.);
#3276=ADVANCED_FACE('',(#159),#3118,.T.);
#3277=ADVANCED_FACE('',(#160),#3119,.F.);
#3278=ADVANCED_FACE('',(#161),#3120,.F.);
#3279=ADVANCED_FACE('',(#162),#3121,.F.);
#3280=ADVANCED_FACE('',(#163),#3122,.F.);
#3281=ADVANCED_FACE('',(#164),#3123,.T.);
#3282=ADVANCED_FACE('',(#165),#3124,.T.);
#3283=ADVANCED_FACE('',(#166),#3125,.T.);
#3284=ADVANCED_FACE('',(#167),#3126,.T.);
#3285=ADVANCED_FACE('',(#168),#3127,.T.);
#3286=ADVANCED_FACE('',(#169),#3128,.T.);
#3287=ADVANCED_FACE('',(#170),#3129,.T.);
#3288=ADVANCED_FACE('',(#171),#3130,.T.);
#3289=ADVANCED_FACE('',(#172),#3131,.T.);
#3290=ADVANCED_FACE('',(#173),#3132,.T.);
#3291=ADVANCED_FACE('',(#174),#3133,.F.);
#3292=ADVANCED_FACE('',(#175),#3134,.F.);
#3293=ADVANCED_FACE('',(#176),#3135,.T.);
#3294=ADVANCED_FACE('',(#177,#17),#3136,.T.);
#3295=ADVANCED_FACE('',(#178),#3137,.F.);
#3296=ADVANCED_FACE('',(#179),#3138,.T.);
#3297=ADVANCED_FACE('',(#180),#3139,.T.);
#3298=ADVANCED_FACE('',(#181,#18),#3140,.F.);
#3299=ADVANCED_FACE('',(#182),#3141,.T.);
#3300=ADVANCED_FACE('',(#183),#3142,.T.);
#3301=ADVANCED_FACE('',(#184),#3143,.T.);
#3302=ADVANCED_FACE('',(#185,#19),#3144,.F.);
#3303=ADVANCED_FACE('',(#186),#3145,.T.);
#3304=ADVANCED_FACE('',(#187),#3146,.T.);
#3305=ADVANCED_FACE('',(#188),#3147,.F.);
#3306=ADVANCED_FACE('',(#189),#3148,.T.);
#3307=ADVANCED_FACE('',(#190),#3149,.T.);
#3308=ADVANCED_FACE('',(#191),#3150,.F.);
#3309=ADVANCED_FACE('',(#192),#3151,.F.);
#3310=ADVANCED_FACE('',(#193),#3152,.T.);
#3311=ADVANCED_FACE('',(#194),#3153,.T.);
#3312=ADVANCED_FACE('',(#195),#3154,.T.);
#3313=ADVANCED_FACE('',(#196),#3155,.F.);
#3314=ADVANCED_FACE('',(#197),#3156,.F.);
#3315=ADVANCED_FACE('',(#198),#3157,.F.);
#3316=ADVANCED_FACE('',(#199),#3158,.T.);
#3317=ADVANCED_FACE('',(#200),#3159,.T.);
#3318=ADVANCED_FACE('',(#201),#3160,.T.);
#3319=ADVANCED_FACE('',(#202),#3161,.F.);
#3320=ADVANCED_FACE('',(#203),#3162,.T.);
#3321=ADVANCED_FACE('',(#204),#3163,.T.);
#3322=ADVANCED_FACE('',(#205),#3164,.T.);
#3323=ADVANCED_FACE('',(#206),#3165,.T.);
#3324=ADVANCED_FACE('',(#207),#3166,.T.);
#3325=ADVANCED_FACE('',(#208),#3167,.T.);
#3326=ADVANCED_FACE('',(#209),#3168,.F.);
#3327=ADVANCED_FACE('',(#210),#3169,.T.);
#3328=ADVANCED_FACE('',(#211),#3170,.F.);
#3329=ADVANCED_FACE('',(#212),#3171,.T.);
#3330=ADVANCED_FACE('',(#213),#3172,.T.);
#3331=ADVANCED_FACE('',(#214),#3173,.T.);
#3332=ADVANCED_FACE('',(#215),#3174,.F.);
#3333=ADVANCED_FACE('',(#216),#3175,.F.);
#3334=ADVANCED_FACE('',(#217),#24,.F.);
#3335=ADVANCED_FACE('',(#218),#3176,.T.);
#3336=ADVANCED_FACE('',(#219),#3177,.T.);
#3337=ADVANCED_FACE('',(#220),#3178,.F.);
#3338=ADVANCED_FACE('',(#221),#3179,.T.);
#3339=ADVANCED_FACE('',(#222),#3180,.T.);
#3340=ADVANCED_FACE('',(#223),#3181,.T.);
#3341=ADVANCED_FACE('',(#224),#3182,.T.);
#3342=ADVANCED_FACE('',(#225),#3183,.T.);
#3343=ADVANCED_FACE('',(#226),#3184,.F.);
#3344=ADVANCED_FACE('',(#227),#3185,.F.);
#3345=ADVANCED_FACE('',(#228),#3186,.T.);
#3346=ADVANCED_FACE('',(#229),#3187,.F.);
#3347=ADVANCED_FACE('',(#230),#3188,.F.);
#3348=ADVANCED_FACE('',(#231),#3189,.F.);
#3349=ADVANCED_FACE('',(#232),#3190,.T.);
#3350=ADVANCED_FACE('',(#233),#3191,.T.);
#3351=ADVANCED_FACE('',(#234),#3192,.T.);
#3352=ADVANCED_FACE('',(#235),#3193,.T.);
#3353=ADVANCED_FACE('',(#236),#3194,.T.);
#3354=ADVANCED_FACE('',(#237),#3195,.F.);
#3355=ADVANCED_FACE('',(#238),#3196,.T.);
#3356=ADVANCED_FACE('',(#239),#3197,.T.);
#3357=ADVANCED_FACE('',(#240),#25,.F.);
#3358=ADVANCED_FACE('',(#241),#3198,.T.);
#3359=ADVANCED_FACE('',(#242),#3199,.F.);
#3360=ADVANCED_FACE('',(#243),#3200,.T.);
#3361=ADVANCED_FACE('',(#244),#3201,.F.);
#3362=ADVANCED_FACE('',(#245),#3202,.T.);
#3363=ADVANCED_FACE('',(#246),#3203,.T.);
#3364=ADVANCED_FACE('',(#247),#26,.T.);
#3365=ADVANCED_FACE('',(#248),#27,.F.);
#3366=ADVANCED_FACE('',(#249),#3204,.T.);
#3367=ADVANCED_FACE('',(#250),#3205,.T.);
#3368=ADVANCED_FACE('',(#251),#3206,.T.);
#3369=ADVANCED_FACE('',(#252),#3207,.F.);
#3370=ADVANCED_FACE('',(#253),#3208,.T.);
#3371=ADVANCED_FACE('',(#254),#3209,.T.);
#3372=ADVANCED_FACE('',(#255),#3210,.T.);
#3373=ADVANCED_FACE('',(#256),#3211,.T.);
#3374=ADVANCED_FACE('',(#257),#3212,.F.);
#3375=ADVANCED_FACE('',(#258),#3213,.T.);
#3376=ADVANCED_FACE('',(#259),#3214,.T.);
#3377=ADVANCED_FACE('',(#260),#3215,.T.);
#3378=ADVANCED_FACE('',(#261),#3216,.T.);
#3379=ADVANCED_FACE('',(#262),#28,.F.);
#3380=ADVANCED_FACE('',(#263),#3217,.T.);
#3381=ADVANCED_FACE('',(#264),#29,.F.);
#3382=ADVANCED_FACE('',(#265),#3218,.T.);
#3383=ADVANCED_FACE('',(#266),#3219,.T.);
#3384=ADVANCED_FACE('',(#267),#3220,.T.);
#3385=ADVANCED_FACE('',(#268),#3221,.F.);
#3386=ADVANCED_FACE('',(#269),#3222,.T.);
#3387=ADVANCED_FACE('',(#270),#30,.T.);
#3388=ADVANCED_FACE('',(#271),#3223,.F.);
#3389=ADVANCED_FACE('',(#272),#3224,.T.);
#3390=ADVANCED_FACE('',(#273),#3225,.T.);
#3391=ADVANCED_FACE('',(#274),#3226,.T.);
#3392=ADVANCED_FACE('',(#275),#3227,.F.);
#3393=ADVANCED_FACE('',(#276),#3228,.T.);
#3394=ADVANCED_FACE('',(#277),#3229,.T.);
#3395=ADVANCED_FACE('',(#278),#3230,.T.);
#3396=ADVANCED_FACE('',(#279),#3231,.T.);
#3397=ADVANCED_FACE('',(#280),#3232,.T.);
#3398=ADVANCED_FACE('',(#281),#3233,.T.);
#3399=CLOSED_SHELL('',(#3234,#3235,#3236,#3237,#3238,#3239,#3240,#3241,
#3242,#3243,#3244,#3245,#3246,#3247,#3248,#3249,#3250,#3251,#3252,#3253,
#3254,#3255,#3256,#3257,#3258,#3259,#3260,#3261,#3262,#3263,#3264,#3265,
#3266,#3267,#3268,#3269,#3270,#3271,#3272,#3273,#3274,#3275,#3276,#3277,
#3278,#3279,#3280,#3281,#3282,#3283,#3284,#3285,#3286,#3287,#3288,#3289,
#3290,#3291,#3292,#3293,#3294,#3295,#3296,#3297,#3298,#3299,#3300,#3301,
#3302,#3303,#3304,#3305,#3306,#3307,#3308,#3309,#3310,#3311,#3312,#3313,
#3314,#3315,#3316,#3317,#3318,#3319,#3320,#3321,#3322,#3323,#3324,#3325,
#3326,#3327,#3328,#3329,#3330,#3331,#3332,#3333,#3334,#3335,#3336,#3337,
#3338,#3339,#3340,#3341,#3342,#3343,#3344,#3345,#3346,#3347,#3348,#3349,
#3350,#3351,#3352,#3353,#3354,#3355,#3356,#3357,#3358,#3359,#3360,#3361,
#3362,#3363,#3364,#3365,#3366,#3367,#3368,#3369,#3370,#3371,#3372,#3373,
#3374,#3375,#3376,#3377,#3378,#3379,#3380,#3381,#3382,#3383,#3384,#3385,
#3386,#3387,#3388,#3389,#3390,#3391,#3392,#3393,#3394,#3395,#3396,#3397,
#3398));
#3400=DERIVED_UNIT_ELEMENT(#3402,1.);
#3401=DERIVED_UNIT_ELEMENT(#5371,-3.);
#3402=(
MASS_UNIT()
NAMED_UNIT(*)
SI_UNIT(.KILO.,.GRAM.)
);
#3403=DERIVED_UNIT((#3400,#3401));
#3404=MEASURE_REPRESENTATION_ITEM('density measure',
POSITIVE_RATIO_MEASURE(7850.),#3403);
#3405=PROPERTY_DEFINITION_REPRESENTATION(#3410,#3407);
#3406=PROPERTY_DEFINITION_REPRESENTATION(#3411,#3408);
#3407=REPRESENTATION('material name',(#3409),#5368);
#3408=REPRESENTATION('density',(#3404),#5368);
#3409=DESCRIPTIVE_REPRESENTATION_ITEM('Steel','Steel');
#3410=PROPERTY_DEFINITION('material property','material name',#5378);
#3411=PROPERTY_DEFINITION('material property','density of part',#5378);
#3412=AXIS2_PLACEMENT_3D('',#4429,#3600,#3601);
#3413=AXIS2_PLACEMENT_3D('',#4430,#3602,#3603);
#3414=AXIS2_PLACEMENT_3D('',#4439,#3608,#3609);
#3415=AXIS2_PLACEMENT_3D('',#4452,#3615,#3616);
#3416=AXIS2_PLACEMENT_3D('',#4464,#3623,#3624);
#3417=AXIS2_PLACEMENT_3D('',#4473,#3629,#3630);
#3418=AXIS2_PLACEMENT_3D('',#4482,#3635,#3636);
#3419=AXIS2_PLACEMENT_3D('',#4488,#3640,#3641);
#3420=AXIS2_PLACEMENT_3D('',#4497,#3646,#3647);
#3421=AXIS2_PLACEMENT_3D('',#4503,#3651,#3652);
#3422=AXIS2_PLACEMENT_3D('',#4506,#3654,#3655);
#3423=AXIS2_PLACEMENT_3D('',#4507,#3656,#3657);
#3424=AXIS2_PLACEMENT_3D('',#4519,#3664,#3665);
#3425=AXIS2_PLACEMENT_3D('',#4525,#3669,#3670);
#3426=AXIS2_PLACEMENT_3D('',#4542,#3679,#3680);
#3427=AXIS2_PLACEMENT_3D('',#4551,#3685,#3686);
#3428=AXIS2_PLACEMENT_3D('',#4572,#3697,#3698);
#3429=AXIS2_PLACEMENT_3D('',#4581,#3703,#3704);
#3430=AXIS2_PLACEMENT_3D('',#4587,#3708,#3709);
#3431=AXIS2_PLACEMENT_3D('',#4596,#3714,#3715);
#3432=AXIS2_PLACEMENT_3D('',#4605,#3720,#3721);
#3433=AXIS2_PLACEMENT_3D('',#4611,#3725,#3726);
#3434=AXIS2_PLACEMENT_3D('',#4617,#3730,#3731);
#3435=AXIS2_PLACEMENT_3D('',#4626,#3736,#3737);
#3436=AXIS2_PLACEMENT_3D('',#4635,#3742,#3743);
#3437=AXIS2_PLACEMENT_3D('',#4647,#3749,#3750);
#3438=AXIS2_PLACEMENT_3D('',#4657,#3756,#3757);
#3439=AXIS2_PLACEMENT_3D('',#4666,#3762,#3763);
#3440=AXIS2_PLACEMENT_3D('',#4675,#3768,#3769);
#3441=AXIS2_PLACEMENT_3D('',#4681,#3773,#3774);
#3442=AXIS2_PLACEMENT_3D('',#4690,#3778,#3779);
#3443=AXIS2_PLACEMENT_3D('',#4698,#3784,#3785);
#3444=AXIS2_PLACEMENT_3D('',#4707,#3790,#3791);
#3445=AXIS2_PLACEMENT_3D('',#4715,#3796,#3797);
#3446=AXIS2_PLACEMENT_3D('',#4720,#3801,#3802);
#3447=AXIS2_PLACEMENT_3D('',#4724,#3805,#3806);
#3448=AXIS2_PLACEMENT_3D('',#4730,#3810,#3811);
#3449=AXIS2_PLACEMENT_3D('',#4735,#3813,#3814);
#3450=AXIS2_PLACEMENT_3D('',#4738,#3816,#3817);
#3451=AXIS2_PLACEMENT_3D('',#4739,#3818,#3819);
#3452=AXIS2_PLACEMENT_3D('',#4744,#3821,#3822);
#3453=AXIS2_PLACEMENT_3D('',#4747,#3824,#3825);
#3454=AXIS2_PLACEMENT_3D('',#4748,#3826,#3827);
#3455=AXIS2_PLACEMENT_3D('',#4754,#3831,#3832);
#3456=AXIS2_PLACEMENT_3D('',#4757,#3835,#3836);
#3457=AXIS2_PLACEMENT_3D('',#4766,#3841,#3842);
#3458=AXIS2_PLACEMENT_3D('',#4801,#3861,#3862);
#3459=AXIS2_PLACEMENT_3D('',#4812,#3869,#3870);
#3460=AXIS2_PLACEMENT_3D('',#4816,#3873,#3874);
#3461=AXIS2_PLACEMENT_3D('',#4820,#3877,#3878);
#3462=AXIS2_PLACEMENT_3D('',#4835,#3887,#3888);
#3463=AXIS2_PLACEMENT_3D('',#4840,#3892,#3893);
#3464=AXIS2_PLACEMENT_3D('',#4844,#3896,#3897);
#3465=AXIS2_PLACEMENT_3D('',#4850,#3901,#3902);
#3466=AXIS2_PLACEMENT_3D('',#4856,#3906,#3907);
#3467=AXIS2_PLACEMENT_3D('',#4880,#3923,#3924);
#3468=AXIS2_PLACEMENT_3D('',#4887,#3929,#3930);
#3469=AXIS2_PLACEMENT_3D('',#4891,#3933,#3934);
#3470=AXIS2_PLACEMENT_3D('',#4898,#3938,#3939);
#3471=AXIS2_PLACEMENT_3D('',#4905,#3944,#3945);
#3472=AXIS2_PLACEMENT_3D('',#4909,#3948,#3949);
#3473=AXIS2_PLACEMENT_3D('',#4917,#3954,#3955);
#3474=AXIS2_PLACEMENT_3D('',#4926,#3960,#3961);
#3475=AXIS2_PLACEMENT_3D('',#4932,#3965,#3966);
#3476=AXIS2_PLACEMENT_3D('',#4937,#3970,#3971);
#3477=AXIS2_PLACEMENT_3D('',#4945,#3976,#3977);
#3478=AXIS2_PLACEMENT_3D('',#4951,#3981,#3982);
#3479=AXIS2_PLACEMENT_3D('',#4954,#3985,#3986);
#3480=AXIS2_PLACEMENT_3D('',#4957,#3989,#3990);
#3481=AXIS2_PLACEMENT_3D('',#4962,#3994,#3995);
#3482=AXIS2_PLACEMENT_3D('',#4968,#3999,#4000);
#3483=AXIS2_PLACEMENT_3D('',#4977,#4005,#4006);
#3484=AXIS2_PLACEMENT_3D('',#4980,#4009,#4010);
#3485=AXIS2_PLACEMENT_3D('',#4986,#4014,#4015);
#3486=AXIS2_PLACEMENT_3D('',#4997,#4024,#4025);
#3487=AXIS2_PLACEMENT_3D('',#5008,#4032,#4033);
#3488=AXIS2_PLACEMENT_3D('',#5012,#4036,#4037);
#3489=AXIS2_PLACEMENT_3D('',#5015,#4040,#4041);
#3490=AXIS2_PLACEMENT_3D('',#5019,#4044,#4045);
#3491=AXIS2_PLACEMENT_3D('',#5028,#4050,#4051);
#3492=AXIS2_PLACEMENT_3D('',#5033,#4055,#4056);
#3493=AXIS2_PLACEMENT_3D('',#5039,#4060,#4061);
#3494=AXIS2_PLACEMENT_3D('',#5045,#4065,#4066);
#3495=AXIS2_PLACEMENT_3D('',#5049,#4069,#4070);
#3496=AXIS2_PLACEMENT_3D('',#5053,#4074,#4075);
#3497=AXIS2_PLACEMENT_3D('',#5055,#4077,#4078);
#3498=AXIS2_PLACEMENT_3D('',#5061,#4083,#4084);
#3499=AXIS2_PLACEMENT_3D('',#5063,#4086,#4087);
#3500=AXIS2_PLACEMENT_3D('',#5067,#4090,#4091);
#3501=AXIS2_PLACEMENT_3D('',#5069,#4093,#4094);
#3502=AXIS2_PLACEMENT_3D('',#5075,#4098,#4099);
#3503=AXIS2_PLACEMENT_3D('',#5077,#4101,#4102);
#3504=AXIS2_PLACEMENT_3D('',#5079,#4104,#4105);
#3505=AXIS2_PLACEMENT_3D('',#5081,#4107,#4108);
#3506=AXIS2_PLACEMENT_3D('',#5086,#4112,#4113);
#3507=AXIS2_PLACEMENT_3D('',#5092,#4118,#4119);
#3508=AXIS2_PLACEMENT_3D('',#5093,#4120,#4121);
#3509=AXIS2_PLACEMENT_3D('',#5094,#4122,#4123);
#3510=AXIS2_PLACEMENT_3D('',#5100,#4127,#4128);
#3511=AXIS2_PLACEMENT_3D('',#5102,#4130,#4131);
#3512=AXIS2_PLACEMENT_3D('',#5108,#4135,#4136);
#3513=AXIS2_PLACEMENT_3D('',#5109,#4137,#4138);
#3514=AXIS2_PLACEMENT_3D('',#5113,#4141,#4142);
#3515=AXIS2_PLACEMENT_3D('',#5119,#4146,#4147);
#3516=AXIS2_PLACEMENT_3D('',#5121,#4149,#4150);
#3517=AXIS2_PLACEMENT_3D('',#5127,#4154,#4155);
#3518=AXIS2_PLACEMENT_3D('',#5130,#4158,#4159);
#3519=AXIS2_PLACEMENT_3D('',#5131,#4160,#4161);
#3520=AXIS2_PLACEMENT_3D('',#5133,#4163,#4164);
#3521=AXIS2_PLACEMENT_3D('',#5134,#4165,#4166);
#3522=AXIS2_PLACEMENT_3D('',#5141,#4171,#4172);
#3523=AXIS2_PLACEMENT_3D('',#5143,#4174,#4175);
#3524=AXIS2_PLACEMENT_3D('',#5145,#4177,#4178);
#3525=AXIS2_PLACEMENT_3D('',#5148,#4181,#4182);
#3526=AXIS2_PLACEMENT_3D('',#5149,#4183,#4184);
#3527=AXIS2_PLACEMENT_3D('',#5151,#4186,#4187);
#3528=AXIS2_PLACEMENT_3D('',#5152,#4188,#4189);
#3529=AXIS2_PLACEMENT_3D('',#5158,#4193,#4194);
#3530=AXIS2_PLACEMENT_3D('',#5161,#4197,#4198);
#3531=AXIS2_PLACEMENT_3D('',#5164,#4201,#4202);
#3532=AXIS2_PLACEMENT_3D('',#5165,#4203,#4204);
#3533=AXIS2_PLACEMENT_3D('',#5174,#4212,#4213);
#3534=AXIS2_PLACEMENT_3D('',#5175,#4214,#4215);
#3535=AXIS2_PLACEMENT_3D('',#5179,#4218,#4219);
#3536=AXIS2_PLACEMENT_3D('',#5180,#4220,#4221);
#3537=AXIS2_PLACEMENT_3D('',#5182,#4223,#4224);
#3538=AXIS2_PLACEMENT_3D('',#5183,#4225,#4226);
#3539=AXIS2_PLACEMENT_3D('',#5194,#4233,#4234);
#3540=AXIS2_PLACEMENT_3D('',#5205,#4241,#4242);
#3541=AXIS2_PLACEMENT_3D('',#5210,#4245,#4246);
#3542=AXIS2_PLACEMENT_3D('',#5212,#4247,#4248);
#3543=AXIS2_PLACEMENT_3D('',#5214,#4250,#4251);
#3544=AXIS2_PLACEMENT_3D('',#5215,#4252,#4253);
#3545=AXIS2_PLACEMENT_3D('',#5219,#4256,#4257);
#3546=AXIS2_PLACEMENT_3D('',#5223,#4260,#4261);
#3547=AXIS2_PLACEMENT_3D('',#5230,#4266,#4267);
#3548=AXIS2_PLACEMENT_3D('',#5233,#4269,#4270);
#3549=AXIS2_PLACEMENT_3D('',#5234,#4271,#4272);
#3550=AXIS2_PLACEMENT_3D('',#5235,#4273,#4274);
#3551=AXIS2_PLACEMENT_3D('',#5236,#4275,#4276);
#3552=AXIS2_PLACEMENT_3D('',#5238,#4278,#4279);
#3553=AXIS2_PLACEMENT_3D('',#5239,#4280,#4281);
#3554=AXIS2_PLACEMENT_3D('',#5246,#4286,#4287);
#3555=AXIS2_PLACEMENT_3D('',#5250,#4290,#4291);
#3556=AXIS2_PLACEMENT_3D('',#5254,#4294,#4295);
#3557=AXIS2_PLACEMENT_3D('',#5256,#4297,#4298);
#3558=AXIS2_PLACEMENT_3D('',#5257,#4299,#4300);
#3559=AXIS2_PLACEMENT_3D('',#5258,#4301,#4302);
#3560=AXIS2_PLACEMENT_3D('',#5259,#4303,#4304);
#3561=AXIS2_PLACEMENT_3D('',#5260,#4305,#4306);
#3562=AXIS2_PLACEMENT_3D('',#5264,#4309,#4310);
#3563=AXIS2_PLACEMENT_3D('',#5268,#4313,#4314);
#3564=AXIS2_PLACEMENT_3D('',#5270,#4316,#4317);
#3565=AXIS2_PLACEMENT_3D('',#5274,#4320,#4321);
#3566=AXIS2_PLACEMENT_3D('',#5276,#4323,#4324);
#3567=AXIS2_PLACEMENT_3D('',#5278,#4326,#4327);
#3568=AXIS2_PLACEMENT_3D('',#5279,#4328,#4329);
#3569=AXIS2_PLACEMENT_3D('',#5285,#4333,#4334);
#3570=AXIS2_PLACEMENT_3D('',#5293,#4339,#4340);
#3571=AXIS2_PLACEMENT_3D('',#5299,#4344,#4345);
#3572=AXIS2_PLACEMENT_3D('',#5304,#4349,#4350);
#3573=AXIS2_PLACEMENT_3D('',#5306,#4352,#4353);
#3574=AXIS2_PLACEMENT_3D('',#5309,#4356,#4357);
#3575=AXIS2_PLACEMENT_3D('',#5313,#4359,#4360);
#3576=AXIS2_PLACEMENT_3D('',#5314,#4361,#4362);
#3577=AXIS2_PLACEMENT_3D('',#5315,#4363,#4364);
#3578=AXIS2_PLACEMENT_3D('',#5321,#4368,#4369);
#3579=AXIS2_PLACEMENT_3D('',#5323,#4370,#4371);
#3580=AXIS2_PLACEMENT_3D('',#5326,#4373,#4374);
#3581=AXIS2_PLACEMENT_3D('',#5327,#4375,#4376);
#3582=AXIS2_PLACEMENT_3D('',#5330,#4379,#4380);
#3583=AXIS2_PLACEMENT_3D('',#5332,#4381,#4382);
#3584=AXIS2_PLACEMENT_3D('',#5335,#4385,#4386);
#3585=AXIS2_PLACEMENT_3D('',#5339,#4389,#4390);
#3586=AXIS2_PLACEMENT_3D('',#5340,#4391,#4392);
#3587=AXIS2_PLACEMENT_3D('',#5341,#4393,#4394);
#3588=AXIS2_PLACEMENT_3D('',#5343,#4396,#4397);
#3589=AXIS2_PLACEMENT_3D('',#5344,#4398,#4399);
#3590=AXIS2_PLACEMENT_3D('',#5345,#4400,#4401);
#3591=AXIS2_PLACEMENT_3D('',#5349,#4404,#4405);
#3592=AXIS2_PLACEMENT_3D('',#5354,#4409,#4410);
#3593=AXIS2_PLACEMENT_3D('',#5356,#4412,#4413);
#3594=AXIS2_PLACEMENT_3D('',#5358,#4415,#4416);
#3595=AXIS2_PLACEMENT_3D('',#5359,#4417,#4418);
#3596=AXIS2_PLACEMENT_3D('',#5360,#4419,#4420);
#3597=AXIS2_PLACEMENT_3D('',#5361,#4421,#4422);
#3598=AXIS2_PLACEMENT_3D('',#5364,#4425,#4426);
#3599=AXIS2_PLACEMENT_3D('',#5365,#4427,#4428);
#3600=DIRECTION('axis',(0.,0.,1.));
#3601=DIRECTION('refdir',(1.,0.,0.));
#3602=DIRECTION('center_axis',(0.768221279597378,0.,0.640184399664478));
#3603=DIRECTION('ref_axis',(-0.640184399664478,0.,0.768221279597378));
#3604=DIRECTION('',(0.640184399664478,-8.32667268468867E-17,-0.768221279597378));
#3605=DIRECTION('',(0.,1.,0.));
#3606=DIRECTION('',(-0.640184399664478,-1.08101391667638E-17,0.768221279597378));
#3607=DIRECTION('',(0.,1.,0.));
#3608=DIRECTION('center_axis',(1.,0.,-1.22464679914735E-16));
#3609=DIRECTION('ref_axis',(-1.49971025142409E-32,1.,-1.22460635382238E-16));
#3610=DIRECTION('',(1.22464679914735E-16,2.44921270764475E-16,1.));
#3611=DIRECTION('',(-3.03239332673222E-32,-1.,-2.47613706159481E-16));
#3612=DIRECTION('',(-4.54822403030224E-17,-0.928476690885259,-0.371390676354104));
#3613=DIRECTION('',(-1.22464679914735E-16,2.47613706159481E-16,-1.));
#3614=DIRECTION('',(3.02140238543753E-32,1.,2.46716227694479E-16));
#3615=DIRECTION('center_axis',(1.,0.,-1.22464679914735E-16));
#3616=DIRECTION('ref_axis',(0.,1.,0.));
#3617=DIRECTION('',(-1.22464679914735E-16,2.47613706159481E-16,-1.));
#3618=DIRECTION('',(-1.49971025142409E-32,1.,-1.22460635382238E-16));
#3619=DIRECTION('',(1.22464679914735E-16,1.22460635382238E-16,1.));
#3620=DIRECTION('',(3.03239332673222E-32,1.,2.47613706159481E-16));
#3621=DIRECTION('',(-1.22464679914735E-16,2.47613706159481E-16,-1.));
#3622=DIRECTION('',(1.49971025142409E-32,-1.,1.22460635382238E-16));
#3623=DIRECTION('center_axis',(-0.970142500145332,2.97010667447777E-17,
-0.242535625036334));
#3624=DIRECTION('ref_axis',(0.242535625036334,1.1880426697911E-16,-0.970142500145332));
#3625=DIRECTION('',(1.49971025142409E-32,1.,1.22460635382238E-16));
#3626=DIRECTION('',(-0.235702260395517,0.235702260395516,0.942809041582063));
#3627=DIRECTION('',(-1.49971025142409E-32,-1.,-1.22460635382238E-16));
#3628=DIRECTION('',(-0.235702260395517,-0.235702260395516,0.942809041582063));
#3629=DIRECTION('center_axis',(5.73252607472744E-32,1.,4.68096277124037E-16));
#3630=DIRECTION('ref_axis',(1.,0.,-1.22464679914735E-16));
#3631=DIRECTION('',(1.,0.,-1.22464679914735E-16));
#3632=DIRECTION('',(-1.22464679914735E-16,4.68096277124037E-16,-1.));
#3633=DIRECTION('',(-1.,0.,1.22464679914735E-16));
#3634=DIRECTION('',(-1.22464679914735E-16,4.68096277124037E-16,-1.));
#3635=DIRECTION('center_axis',(1.,0.,-1.22464679914735E-16));
#3636=DIRECTION('ref_axis',(-5.73252607472744E-32,-1.,-4.68096277124037E-16));
#3637=DIRECTION('',(0.,-1.,0.));
#3638=DIRECTION('',(-1.22464679914735E-16,1.22460635382238E-16,-1.));
#3639=DIRECTION('',(5.73252607472744E-32,1.,4.68096277124037E-16));
#3640=DIRECTION('center_axis',(1.22464679914735E-16,-3.70074341541719E-16,
1.));
#3641=DIRECTION('ref_axis',(1.,0.,-1.22464679914735E-16));
#3642=DIRECTION('',(4.53210357815631E-32,1.,3.70074341541719E-16));
#3643=DIRECTION('',(1.,0.,-1.22464679914735E-16));
#3644=DIRECTION('',(4.53210357815631E-32,1.,3.70074341541719E-16));
#3645=DIRECTION('',(1.,0.,-1.22464679914735E-16));
#3646=DIRECTION('center_axis',(-1.22464679914735E-16,2.46716227694479E-16,
-1.));
#3647=DIRECTION('ref_axis',(-3.02140238543753E-32,-1.,-2.46716227694479E-16));
#3648=DIRECTION('',(1.,0.,-1.22464679914735E-16));
#3649=DIRECTION('',(3.02140238543753E-32,1.,2.46716227694479E-16));
#3650=DIRECTION('',(1.,0.,-1.22464679914735E-16));
#3651=DIRECTION('center_axis',(1.,0.,-1.22464679914735E-16));
#3652=DIRECTION('ref_axis',(0.,1.,0.));
#3653=DIRECTION('',(1.,0.,-1.22464679914735E-16));
#3654=DIRECTION('center_axis',(1.,0.,-1.22464679914735E-16));
#3655=DIRECTION('ref_axis',(0.,1.,0.));
#3656=DIRECTION('center_axis',(1.,0.,-1.22464679914735E-16));
#3657=DIRECTION('ref_axis',(0.,1.,0.));
#3658=DIRECTION('',(-5.73252607472744E-32,-1.,-4.68096277124037E-16));
#3659=DIRECTION('',(1.22464679914735E-16,-4.68096277124037E-16,1.));
#3660=DIRECTION('',(0.,-1.,0.));
#3661=DIRECTION('',(-1.22464679914735E-16,2.47613706159481E-16,-1.));
#3662=DIRECTION('',(1.22464679914735E-16,0.,1.));
#3663=DIRECTION('',(-1.21014436461033E-16,0.153440662037049,-0.988157863518594));
#3664=DIRECTION('center_axis',(0.650791373455969,0.759256602365296,2.75706231707484E-16));
#3665=DIRECTION('ref_axis',(0.759256602365296,-0.650791373455969,-3.97615135880993E-16));
#3666=DIRECTION('',(-1.22464679914735E-16,4.68096277124037E-16,-1.));
#3667=DIRECTION('',(0.759256602365296,-0.650791373455969,-9.29821167818155E-17));
#3668=DIRECTION('',(-0.759256602365296,0.650791373455969,3.98293448553734E-16));
#3669=DIRECTION('center_axis',(1.22464679914735E-16,-2.47613706159481E-16,
1.));
#3670=DIRECTION('ref_axis',(1.,0.,-1.22464679914735E-16));
#3671=DIRECTION('',(-1.,0.,1.22464679914735E-16));
#3672=DIRECTION('',(-3.03239332673222E-32,-1.,-2.47613706159481E-16));
#3673=DIRECTION('',(-1.,0.,1.22464679914735E-16));
#3674=DIRECTION('',(3.03239332673222E-32,1.,2.47613706159481E-16));
#3675=DIRECTION('',(-1.,0.,1.22464679914735E-16));
#3676=DIRECTION('',(3.03239332673222E-32,1.,2.47613706159481E-16));
#3677=DIRECTION('',(1.,0.,-1.22464679914735E-16));
#3678=DIRECTION('',(4.53210357815631E-32,1.,3.70074341541719E-16));
#3679=DIRECTION('center_axis',(-1.,0.,1.22464679914735E-16));
#3680=DIRECTION('ref_axis',(1.22464679914735E-16,-2.47613706159481E-16,
1.));
#3681=DIRECTION('',(1.22464679914735E-16,-2.47613706159481E-16,1.));
#3682=DIRECTION('',(3.03239332673222E-32,1.,2.47613706159481E-16));
#3683=DIRECTION('',(1.22464679914735E-16,-2.47613706159481E-16,1.));
#3684=DIRECTION('',(3.03239332673222E-32,1.,2.47613706159481E-16));
#3685=DIRECTION('center_axis',(-1.22464679914735E-16,5.90556912506275E-16,
-1.));
#3686=DIRECTION('ref_axis',(-7.23223632615153E-32,-1.,-5.90556912506275E-16));
#3687=DIRECTION('',(0.64018439966448,-0.768221279597376,-5.05543750992514E-16));
#3688=DIRECTION('',(1.,0.,-1.22464679914735E-16));
#3689=DIRECTION('',(0.64018439966448,0.768221279597376,3.48743795809879E-16));
#3690=DIRECTION('',(7.23223632615153E-32,1.,5.90556912506275E-16));
#3691=DIRECTION('',(7.23223632615153E-32,1.,5.90556912506275E-16));
#3692=DIRECTION('',(7.23223632615153E-32,1.,5.90556912506275E-16));
#3693=DIRECTION('',(-1.,0.,1.22464679914735E-16));
#3694=DIRECTION('',(-7.23223632615153E-32,-1.,-5.90556912506275E-16));
#3695=DIRECTION('',(-7.23223632615153E-32,-1.,-5.90556912506275E-16));
#3696=DIRECTION('',(-7.23223632615153E-32,-1.,-5.90556912506275E-16));
#3697=DIRECTION('center_axis',(-2.45822793761975E-16,0.,-1.));
#3698=DIRECTION('ref_axis',(1.,0.,-2.45822793761975E-16));
#3699=DIRECTION('',(0.,-1.,0.));
#3700=DIRECTION('',(-1.,0.,2.45822793761975E-16));
#3701=DIRECTION('',(0.,-1.,0.));
#3702=DIRECTION('',(-1.,2.46519032881566E-32,2.45822793761975E-16));
#3703=DIRECTION('center_axis',(-1.,0.,1.22464679914735E-16));
#3704=DIRECTION('ref_axis',(1.22464679914735E-16,-3.70074341541719E-16,
1.));
#3705=DIRECTION('',(4.53210357815631E-32,1.,3.70074341541719E-16));
#3706=DIRECTION('',(1.22464679914735E-16,-3.70074341541719E-16,1.));
#3707=DIRECTION('',(1.22464679914735E-16,-3.70074341541719E-16,1.));
#3708=DIRECTION('center_axis',(1.,0.,-1.22464679914735E-16));
#3709=DIRECTION('ref_axis',(-7.23223632615153E-32,-1.,-5.90556912506275E-16));
#3710=DIRECTION('',(-1.22464679914735E-16,1.22460635382238E-16,-1.));
#3711=DIRECTION('',(7.23223632615153E-32,1.,5.90556912506275E-16));
#3712=DIRECTION('',(-1.22464679914735E-16,5.90556912506275E-16,-1.));
#3713=DIRECTION('',(-1.49971025142409E-32,-1.,-1.22460635382238E-16));
#3714=DIRECTION('center_axis',(0.,-1.,0.));
#3715=DIRECTION('ref_axis',(-1.,0.,1.22464679914735E-16));
#3716=DIRECTION('',(1.22464679914735E-16,0.,1.));
#3717=DIRECTION('',(-1.,0.,1.22464679914735E-16));
#3718=DIRECTION('',(1.22464679914735E-16,0.,1.));
#3719=DIRECTION('',(1.,0.,-1.22464679914735E-16));
#3720=DIRECTION('center_axis',(-1.,0.,1.22464679914735E-16));
#3721=DIRECTION('ref_axis',(5.73252607472744E-32,1.,4.68096277124037E-16));
#3722=DIRECTION('',(1.22464679914735E-16,-1.22460635382238E-16,1.));
#3723=DIRECTION('',(0.,1.,0.));
#3724=DIRECTION('',(-5.73252607472744E-32,-1.,-4.68096277124037E-16));
#3725=DIRECTION('center_axis',(-0.768221279597376,-0.64018439966448,-2.83985349390957E-16));
#3726=DIRECTION('ref_axis',(-0.64018439966448,0.768221279597376,5.32078364591963E-16));
#3727=DIRECTION('',(-1.22464679914735E-16,5.90556912506275E-16,-1.));
#3728=DIRECTION('',(-0.64018439966448,0.768221279597376,1.72476843604968E-16));
#3729=DIRECTION('',(2.67615551021962E-16,1.22460635382238E-16,-1.));
#3730=DIRECTION('center_axis',(-1.22464679914735E-16,0.,-1.));
#3731=DIRECTION('ref_axis',(1.,0.,-1.22464679914735E-16));
#3732=DIRECTION('',(1.,0.,-1.22464679914735E-16));
#3733=DIRECTION('',(0.,1.,0.));
#3734=DIRECTION('',(-1.,0.,1.22464679914735E-16));
#3735=DIRECTION('',(0.,-1.,0.));
#3736=DIRECTION('center_axis',(1.,0.,-1.22464679914735E-16));
#3737=DIRECTION('ref_axis',(-5.73252607472744E-32,-1.,-4.68096277124037E-16));
#3738=DIRECTION('',(1.22464679914735E-16,-4.68096277124037E-16,1.));
#3739=DIRECTION('',(0.,-1.,0.));
#3740=DIRECTION('',(-1.22464679914735E-16,1.22460635382238E-16,-1.));
#3741=DIRECTION('',(5.73252607472744E-32,1.,4.68096277124037E-16));
#3742=DIRECTION('center_axis',(1.,0.,-1.22464679914735E-16));
#3743=DIRECTION('ref_axis',(0.,1.,0.));
#3744=DIRECTION('',(0.,-1.,0.));
#3745=DIRECTION('',(-1.22464679914735E-16,3.70074341541719E-16,-1.));
#3746=DIRECTION('',(4.53210357815631E-32,1.,3.70074341541719E-16));
#3747=DIRECTION('',(0.,1.,0.));
#3748=DIRECTION('',(-1.22464679914735E-16,3.70074341541719E-16,-1.));
#3749=DIRECTION('center_axis',(1.,0.,-1.22464679914735E-16));
#3750=DIRECTION('ref_axis',(1.49971025142409E-32,1.,1.22460635382238E-16));
#3751=DIRECTION('',(4.52111263686162E-32,1.,3.69176863076717E-16));
#3752=DIRECTION('',(-1.22464679914735E-16,3.70074341541719E-16,-1.));
#3753=DIRECTION('',(-4.54822403030224E-17,-0.928476690885259,-0.371390676354104));
#3754=DIRECTION('',(-4.53210357815631E-32,-1.,-3.70074341541719E-16));
#3755=DIRECTION('',(1.22464679914735E-16,1.22460635382238E-16,1.));
#3756=DIRECTION('center_axis',(1.22464679914735E-16,-1.22460635382238E-16,
1.));
#3757=DIRECTION('ref_axis',(1.,0.,-1.22464679914735E-16));
#3758=DIRECTION('',(-1.,0.,1.22464679914735E-16));
#3759=DIRECTION('',(-1.49971025142409E-32,-1.,-1.22460635382238E-16));
#3760=DIRECTION('',(1.,0.,-1.22464679914735E-16));
#3761=DIRECTION('',(0.,-1.,0.));
#3762=DIRECTION('center_axis',(-1.22464679914735E-16,-1.22460635382238E-16,
-1.));
#3763=DIRECTION('ref_axis',(1.,0.,-1.22464679914735E-16));
#3764=DIRECTION('',(1.,0.,-1.22464679914735E-16));
#3765=DIRECTION('',(3.10418958198082E-32,-1.,1.22460635382238E-16));
#3766=DIRECTION('',(-1.,0.,1.22464679914735E-16));
#3767=DIRECTION('',(-1.49971025142409E-32,1.,-1.22460635382238E-16));
#3768=DIRECTION('center_axis',(-0.768221279597373,-7.83973883447091E-17,
-0.640184399664483));
#3769=DIRECTION('ref_axis',(0.640184399664483,-9.407686601365E-17,-0.768221279597373));
#3770=DIRECTION('',(0.640184399664483,-8.32667268468867E-17,-0.768221279597373));
#3771=DIRECTION('',(-3.10418958198082E-32,1.,-1.22460635382238E-16));
#3772=DIRECTION('',(-0.640184399664483,8.32667268468867E-17,0.768221279597373));
#3773=DIRECTION('center_axis',(1.,0.,-1.22464679914735E-16));
#3774=DIRECTION('ref_axis',(1.49971025142409E-32,1.,1.22460635382238E-16));
#3775=DIRECTION('',(-1.21014436461033E-16,0.153440662037049,-0.988157863518594));
#3776=DIRECTION('',(1.22464679914735E-16,-1.22460635382238E-16,1.));
#3777=DIRECTION('',(4.52111263686162E-32,1.,3.69176863076717E-16));
#3778=DIRECTION('center_axis',(1.,0.,-1.22464679914735E-16));
#3779=DIRECTION('ref_axis',(1.49971025142409E-32,1.,1.22460635382238E-16));
#3780=DIRECTION('',(-1.22464679914735E-16,3.70074341541719E-16,-1.));
#3781=DIRECTION('',(-1.49971025142409E-32,-1.,-1.22460635382238E-16));
#3782=DIRECTION('',(1.22464679914735E-16,-5.90556912506275E-16,1.));
#3783=DIRECTION('',(-7.23223632615153E-32,-1.,-5.90556912506275E-16));
#3784=DIRECTION('center_axis',(1.22464679914735E-16,1.22460635382238E-16,
1.));
#3785=DIRECTION('ref_axis',(-1.,0.,1.22464679914735E-16));
#3786=DIRECTION('',(1.,0.,-1.22464679914735E-16));
#3787=DIRECTION('',(2.30194991670246E-32,-1.,1.22460635382238E-16));
#3788=DIRECTION('',(1.,0.,-1.22464679914735E-16));
#3789=DIRECTION('',(-1.49971025142409E-32,1.,-1.22460635382238E-16));
#3790=DIRECTION('center_axis',(-1.22464679914735E-16,2.47613706159481E-16,
-1.));
#3791=DIRECTION('ref_axis',(1.,0.,-1.22464679914735E-16));
#3792=DIRECTION('',(1.49971025142409E-32,-1.,1.22460635382238E-16));
#3793=DIRECTION('',(1.,0.,-1.22464679914735E-16));
#3794=DIRECTION('',(-1.,0.,1.22464679914735E-16));
#3795=DIRECTION('',(1.49971025142409E-32,-1.,1.22460635382238E-16));
#3796=DIRECTION('center_axis',(-3.03239332673222E-32,-1.,-2.47613706159481E-16));
#3797=DIRECTION('ref_axis',(-1.,0.,1.22464679914735E-16));
#3798=DIRECTION('',(-1.22464679914735E-16,2.47613706159481E-16,-1.));
#3799=DIRECTION('',(-1.,0.,1.22464679914735E-16));
#3800=DIRECTION('',(1.,0.,-1.22464679914735E-16));
#3801=DIRECTION('center_axis',(-1.49971025142409E-32,1.,-1.22460635382238E-16));
#3802=DIRECTION('ref_axis',(1.,0.,-1.22464679914735E-16));
#3803=DIRECTION('',(1.,0.,-1.22464679914735E-16));
#3804=DIRECTION('',(1.22464679914735E-16,1.22460635382238E-16,1.));
#3805=DIRECTION('center_axis',(-1.,0.,1.22464679914735E-16));
#3806=DIRECTION('ref_axis',(1.22464679914735E-16,-2.47613706159481E-16,
1.));
#3807=DIRECTION('',(1.22464679914735E-16,-2.47613706159481E-16,1.));
#3808=DIRECTION('',(3.03239332673222E-32,1.,2.47613706159481E-16));
#3809=DIRECTION('',(1.22464679914735E-16,-2.47613706159481E-16,1.));
#3810=DIRECTION('center_axis',(-1.,0.,1.22464679914735E-16));
#3811=DIRECTION('ref_axis',(1.49971025142409E-32,1.,1.22460635382238E-16));
#3812=DIRECTION('',(-1.,0.,1.22464679914735E-16));
#3813=DIRECTION('center_axis',(-1.,0.,1.22464679914735E-16));
#3814=DIRECTION('ref_axis',(1.49971025142409E-32,1.,1.22460635382238E-16));
#3815=DIRECTION('',(-1.,0.,1.22464679914735E-16));
#3816=DIRECTION('center_axis',(-1.,0.,1.22464679914735E-16));
#3817=DIRECTION('ref_axis',(1.49971025142409E-32,1.,1.22460635382238E-16));
#3818=DIRECTION('center_axis',(1.,0.,-1.22464679914735E-16));
#3819=DIRECTION('ref_axis',(-1.49971025142409E-32,-1.,-1.22460635382238E-16));
#3820=DIRECTION('',(1.,0.,-1.22464679914735E-16));
#3821=DIRECTION('center_axis',(-1.,0.,1.22464679914735E-16));
#3822=DIRECTION('ref_axis',(5.29844511581038E-32,-1.,4.32650876930341E-16));
#3823=DIRECTION('',(1.,0.,-1.22464679914735E-16));
#3824=DIRECTION('center_axis',(-1.,0.,1.22464679914735E-16));
#3825=DIRECTION('ref_axis',(5.29844511581038E-32,-1.,4.32650876930341E-16));
#3826=DIRECTION('center_axis',(1.,0.,-1.22464679914735E-16));
#3827=DIRECTION('ref_axis',(-1.22464679914735E-16,3.70074341541719E-16,
-1.));
#3828=DIRECTION('',(-1.22464679914735E-16,3.70074341541719E-16,-1.));
#3829=DIRECTION('',(4.53210357815631E-32,1.,3.70074341541719E-16));
#3830=DIRECTION('',(-1.22464679914735E-16,3.70074341541719E-16,-1.));
#3831=DIRECTION('center_axis',(-1.,0.,1.22464679914735E-16));
#3832=DIRECTION('ref_axis',(1.49971025142409E-32,1.,1.22460635382238E-16));
#3833=DIRECTION('',(-1.,0.,1.22464679914735E-16));
#3834=DIRECTION('',(-1.,0.,1.22464679914735E-16));
#3835=DIRECTION('center_axis',(-3.03239332673222E-32,-1.,-2.47613706159481E-16));
#3836=DIRECTION('ref_axis',(-1.,0.,1.22464679914735E-16));
#3837=DIRECTION('',(-1.22464679914735E-16,2.47613706159481E-16,-1.));
#3838=DIRECTION('',(1.,0.,-1.22464679914735E-16));
#3839=DIRECTION('',(-1.22464679914735E-16,2.47613706159481E-16,-1.));
#3840=DIRECTION('',(-1.,0.,1.22464679914735E-16));
#3841=DIRECTION('center_axis',(1.49971025142409E-32,1.,1.22460635382238E-16));
#3842=DIRECTION('ref_axis',(1.,0.,-1.22464679914735E-16));
#3843=DIRECTION('',(-1.,0.,1.22464679914735E-16));
#3844=DIRECTION('',(1.22464679914735E-16,0.,1.));
#3845=DIRECTION('',(-1.,0.,1.22464679914735E-16));
#3846=DIRECTION('',(-1.22464679914735E-16,1.22460635382238E-16,-1.));
#3847=DIRECTION('',(-1.,0.,1.22464679914735E-16));
#3848=DIRECTION('',(-1.22464679914735E-16,1.22460635382238E-16,-1.));
#3849=DIRECTION('',(1.,0.,-1.22464679914735E-16));
#3850=DIRECTION('',(1.22464679914735E-16,-1.22460635382238E-16,1.));
#3851=DIRECTION('',(-1.22464679914735E-16,1.22460635382238E-16,-1.));
#3852=DIRECTION('',(1.,0.,-1.22464679914735E-16));
#3853=DIRECTION('',(1.22464679914735E-16,-1.22460635382238E-16,1.));
#3854=DIRECTION('',(1.22464679914735E-16,-1.22460635382238E-16,1.));
#3855=DIRECTION('',(-1.,0.,1.22464679914735E-16));
#3856=DIRECTION('',(-1.22464679914735E-16,1.22460635382238E-16,-1.));
#3857=DIRECTION('',(-1.,0.,1.22464679914735E-16));
#3858=DIRECTION('',(-1.22464679914735E-16,1.22460635382238E-16,-1.));
#3859=DIRECTION('',(1.,0.,-1.22464679914735E-16));
#3860=DIRECTION('',(1.22464679914735E-16,-1.22460635382238E-16,1.));
#3861=DIRECTION('center_axis',(-1.22464679914735E-16,3.70074341541719E-16,
-1.));
#3862=DIRECTION('ref_axis',(-1.,0.,1.22464679914735E-16));
#3863=DIRECTION('',(-1.,0.,1.22464679914735E-16));
#3864=DIRECTION('',(-1.,0.,1.22464679914735E-16));
#3865=DIRECTION('',(4.53210357815631E-32,1.,3.70074341541719E-16));
#3866=DIRECTION('',(-1.,0.,1.22464679914735E-16));
#3867=DIRECTION('',(-4.53210357815631E-32,-1.,-3.70074341541719E-16));
#3868=DIRECTION('',(-1.,0.,1.22464679914735E-16));
#3869=DIRECTION('center_axis',(1.,0.,-1.22464679914735E-16));
#3870=DIRECTION('ref_axis',(-1.22464679914735E-16,-1.22460635382238E-16,
-1.));
#3871=DIRECTION('',(-3.03239332673222E-32,-1.,-2.47613706159481E-16));
#3872=DIRECTION('',(1.22464679914735E-16,1.22460635382238E-16,1.));
#3873=DIRECTION('center_axis',(-1.,0.,1.22464679914735E-16));
#3874=DIRECTION('ref_axis',(-1.22464679914735E-16,1.22460635382238E-16,
-1.));
#3875=DIRECTION('',(0.,-1.,0.));
#3876=DIRECTION('',(1.22464679914735E-16,-1.22460635382238E-16,1.));
#3877=DIRECTION('center_axis',(1.22464679914735E-16,-4.68096277124037E-16,
1.));
#3878=DIRECTION('ref_axis',(-5.73252607472744E-32,-1.,-4.68096277124037E-16));
#3879=DIRECTION('',(-5.73252607472744E-32,-1.,-4.68096277124037E-16));
#3880=DIRECTION('',(-5.73252607472744E-32,-1.,-4.68096277124037E-16));
#3881=DIRECTION('',(1.,0.,-1.22464679914735E-16));
#3882=DIRECTION('',(5.73252607472744E-32,1.,4.68096277124037E-16));
#3883=DIRECTION('',(5.73252607472744E-32,1.,4.68096277124037E-16));
#3884=DIRECTION('',(-0.64018439966448,0.768221279597376,4.11466884978864E-16));
#3885=DIRECTION('',(-1.,0.,1.22464679914735E-16));
#3886=DIRECTION('',(-0.64018439966448,-0.768221279597376,-2.54666929796229E-16));
#3887=DIRECTION('center_axis',(1.22464679914735E-16,-4.68096277124037E-16,
1.));
#3888=DIRECTION('ref_axis',(-5.73252607472744E-32,-1.,-4.68096277124037E-16));
#3889=DIRECTION('',(1.,0.,-1.22464679914735E-16));
#3890=DIRECTION('',(5.73252607472744E-32,1.,4.68096277124037E-16));
#3891=DIRECTION('',(5.73252607472744E-32,1.,4.68096277124037E-16));
#3892=DIRECTION('center_axis',(-1.,0.,1.22464679914735E-16));
#3893=DIRECTION('ref_axis',(7.23223632615153E-32,1.,5.90556912506275E-16));
#3894=DIRECTION('',(1.22464679914735E-16,-1.22460635382238E-16,1.));
#3895=DIRECTION('',(1.49971025142409E-32,1.,1.22460635382238E-16));
#3896=DIRECTION('center_axis',(1.,0.,-1.22464679914735E-16));
#3897=DIRECTION('ref_axis',(-3.03239332673222E-32,-1.,-2.47613706159481E-16));
#3898=DIRECTION('',(-1.22464679914735E-16,-1.22460635382238E-16,-1.));
#3899=DIRECTION('',(-1.49971025142409E-32,1.,-1.22460635382238E-16));
#3900=DIRECTION('',(-3.03239332673222E-32,-1.,-2.47613706159481E-16));
#3901=DIRECTION('center_axis',(-1.22464679914735E-16,0.,-1.));
#3902=DIRECTION('ref_axis',(1.,0.,-1.22464679914735E-16));
#3903=DIRECTION('',(-1.,0.,1.22464679914735E-16));
#3904=DIRECTION('',(-1.,0.,1.22464679914735E-16));
#3905=DIRECTION('',(0.,-1.,0.));
#3906=DIRECTION('center_axis',(1.49971025142409E-32,-1.,1.22460635382238E-16));
#3907=DIRECTION('ref_axis',(1.,0.,-1.22464679914735E-16));
#3908=DIRECTION('',(1.,0.,-1.22464679914735E-16));
#3909=DIRECTION('',(-1.22464679914735E-16,0.,-1.));
#3910=DIRECTION('',(-1.,0.,1.22464679914735E-16));
#3911=DIRECTION('',(-1.22464679914735E-16,-1.22460635382238E-16,-1.));
#3912=DIRECTION('',(0.640184399664483,8.32667268468867E-17,0.768221279597373));
#3913=DIRECTION('',(1.,0.,-1.22464679914735E-16));
#3914=DIRECTION('',(0.640184399664484,8.32667268468867E-17,0.768221279597373));
#3915=DIRECTION('',(-1.,0.,1.22464679914735E-16));
#3916=DIRECTION('',(-0.640184399664484,8.32667268468867E-17,0.768221279597373));
#3917=DIRECTION('',(-0.640184399664478,-8.32667268468867E-17,-0.768221279597378));
#3918=DIRECTION('',(1.,2.46519032881566E-32,8.93433932504667E-19));
#3919=DIRECTION('',(-1.22464679914735E-16,-1.22460635382238E-16,-1.));
#3920=DIRECTION('',(1.,0.,-1.22464679914735E-16));
#3921=DIRECTION('',(-1.,0.,1.22464679914735E-16));
#3922=DIRECTION('',(1.,0.,-1.22464679914735E-16));
#3923=DIRECTION('center_axis',(1.22464679914735E-16,0.,1.));
#3924=DIRECTION('ref_axis',(-1.,0.,1.22464679914735E-16));
#3925=DIRECTION('',(0.,1.,0.));
#3926=DIRECTION('',(0.,-1.,0.));
#3927=DIRECTION('',(0.,1.,0.));
#3928=DIRECTION('',(-1.,0.,1.22464679914735E-16));
#3929=DIRECTION('center_axis',(1.,0.,-1.22464679914735E-16));
#3930=DIRECTION('ref_axis',(-4.53210357815631E-32,-1.,-3.70074341541719E-16));
#3931=DIRECTION('',(-4.53210357815631E-32,-1.,-3.70074341541719E-16));
#3932=DIRECTION('',(-1.22464679914735E-16,3.70074341541719E-16,-1.));
#3933=DIRECTION('center_axis',(1.,0.,-1.22464679914735E-16));
#3934=DIRECTION('ref_axis',(-1.22464679914735E-16,0.,-1.));
#3935=DIRECTION('',(-1.49971025142409E-32,-1.,-1.22460635382238E-16));
#3936=DIRECTION('',(1.22464679914735E-16,-1.22460635382238E-16,1.));
#3937=DIRECTION('',(-1.22464679914735E-16,1.22460635382238E-16,-1.));
#3938=DIRECTION('center_axis',(-1.,0.,1.22464679914735E-16));
#3939=DIRECTION('ref_axis',(1.49971025142409E-32,1.,1.22460635382238E-16));
#3940=DIRECTION('',(1.21014436461033E-16,-0.153440662037049,0.988157863518594));
#3941=DIRECTION('',(3.03239332673222E-32,1.,2.47613706159481E-16));
#3942=DIRECTION('',(0.,-1.,0.));
#3943=DIRECTION('',(-1.22464679914735E-16,2.47613706159481E-16,-1.));
#3944=DIRECTION('center_axis',(4.53210357815631E-32,1.,3.70074341541719E-16));
#3945=DIRECTION('ref_axis',(1.,0.,-1.22464679914735E-16));
#3946=DIRECTION('',(1.22464679914735E-16,-3.70074341541719E-16,1.));
#3947=DIRECTION('',(-1.,0.,1.22464679914735E-16));
#3948=DIRECTION('center_axis',(1.,0.,-1.22464679914735E-16));
#3949=DIRECTION('ref_axis',(-1.22464679914735E-16,0.,-1.));
#3950=DIRECTION('',(-1.49971025142409E-32,1.,-1.22460635382238E-16));
#3951=DIRECTION('',(1.22464679914735E-16,-1.22460635382238E-16,1.));
#3952=DIRECTION('',(1.49971025142409E-32,1.,1.22460635382238E-16));
#3953=DIRECTION('',(-1.22464679914735E-16,1.22460635382238E-16,-1.));
#3954=DIRECTION('center_axis',(1.49971025142409E-32,1.,1.22460635382238E-16));
#3955=DIRECTION('ref_axis',(1.,0.,-1.22464679914735E-16));
#3956=DIRECTION('',(1.,0.,-1.22464679914735E-16));
#3957=DIRECTION('',(-1.22464679914735E-16,1.22460635382238E-16,-1.));
#3958=DIRECTION('',(-1.,0.,1.22464679914735E-16));
#3959=DIRECTION('',(1.22464679914735E-16,-1.22460635382238E-16,1.));
#3960=DIRECTION('center_axis',(-1.22464679914735E-16,2.47613706159481E-16,
-1.));
#3961=DIRECTION('ref_axis',(-1.,0.,1.22464679914735E-16));
#3962=DIRECTION('',(-1.,0.,1.22464679914735E-16));
#3963=DIRECTION('',(-1.,0.,1.22464679914735E-16));
#3964=DIRECTION('',(4.53210357815631E-32,1.,3.70074341541719E-16));
#3965=DIRECTION('center_axis',(-1.,0.,1.22464679914735E-16));
#3966=DIRECTION('ref_axis',(-1.22464679914735E-16,1.22460635382238E-16,
-1.));
#3967=DIRECTION('',(1.49971025142409E-32,-1.,1.22460635382238E-16));
#3968=DIRECTION('',(1.22464679914735E-16,-1.22460635382238E-16,1.));
#3969=DIRECTION('',(-1.22464679914735E-16,1.22460635382238E-16,-1.));
#3970=DIRECTION('center_axis',(-7.23223632615153E-32,-1.,-5.90556912506275E-16));
#3971=DIRECTION('ref_axis',(-1.,0.,1.22464679914735E-16));
#3972=DIRECTION('',(1.,0.,-1.22464679914735E-16));
#3973=DIRECTION('',(-1.22464679914735E-16,5.90556912506275E-16,-1.));
#3974=DIRECTION('',(-1.,0.,1.22464679914735E-16));
#3975=DIRECTION('',(-1.22464679914735E-16,5.90556912506275E-16,-1.));
#3976=DIRECTION('center_axis',(1.,0.,-1.22464679914735E-16));
#3977=DIRECTION('ref_axis',(-7.23223632615153E-32,-1.,-5.90556912506275E-16));
#3978=DIRECTION('',(7.23223632615153E-32,1.,5.90556912506275E-16));
#3979=DIRECTION('',(-1.22464679914735E-16,1.22460635382238E-16,-1.));
#3980=DIRECTION('',(-1.49971025142409E-32,-1.,-1.22460635382238E-16));
#3981=DIRECTION('center_axis',(0.650791373455969,-0.759256602365296,-5.2808319213441E-16));
#3982=DIRECTION('ref_axis',(-0.759256602365296,-0.650791373455969,-2.9134722741206E-16));
#3983=DIRECTION('',(0.759256602365296,0.650791373455969,2.920255400848E-16));
#3984=DIRECTION('',(-0.759256602365296,-0.650791373455969,1.32857916871184E-17));
#3985=DIRECTION('center_axis',(-1.22464679914735E-16,5.90556912506275E-16,
-1.));
#3986=DIRECTION('ref_axis',(-7.23223632615153E-32,-1.,-5.90556912506275E-16));
#3987=DIRECTION('',(7.23223632615153E-32,1.,5.90556912506275E-16));
#3988=DIRECTION('',(-1.,0.,1.22464679914735E-16));
#3989=DIRECTION('center_axis',(-1.49971025142409E-32,-1.,-1.22460635382238E-16));
#3990=DIRECTION('ref_axis',(-1.,0.,1.22464679914735E-16));
#3991=DIRECTION('',(1.,0.,-1.22464679914735E-16));
#3992=DIRECTION('',(1.22464679914735E-16,-1.22460635382238E-16,1.));
#3993=DIRECTION('',(-1.,0.,1.22464679914735E-16));
#3994=DIRECTION('center_axis',(1.22464679914735E-16,-1.22460635382238E-16,
1.));
#3995=DIRECTION('ref_axis',(1.,0.,-1.22464679914735E-16));
#3996=DIRECTION('',(-1.49971025142409E-32,-1.,-1.22460635382238E-16));
#3997=DIRECTION('',(1.,0.,-1.22464679914735E-16));
#3998=DIRECTION('',(0.,-1.,0.));
#3999=DIRECTION('center_axis',(-4.53210357815631E-32,-1.,-3.70074341541719E-16));
#4000=DIRECTION('ref_axis',(-1.,0.,1.22464679914735E-16));
#4001=DIRECTION('',(1.22464679914735E-16,-3.70074341541719E-16,1.));
#4002=DIRECTION('',(1.,0.,-1.22464679914735E-16));
#4003=DIRECTION('',(-1.22464679914735E-16,3.70074341541719E-16,-1.));
#4004=DIRECTION('',(-1.,0.,1.22464679914735E-16));
#4005=DIRECTION('center_axis',(-1.,0.,1.22464679914735E-16));
#4006=DIRECTION('ref_axis',(1.22464679914735E-16,-3.70074341541719E-16,
1.));
#4007=DIRECTION('',(1.22464679914735E-16,-3.70074341541719E-16,1.));
#4008=DIRECTION('',(1.22464679914735E-16,-3.70074341541719E-16,1.));
#4009=DIRECTION('center_axis',(0.768221279597376,-0.64018439966448,-4.72145295610119E-16));
#4010=DIRECTION('ref_axis',(-0.64018439966448,-0.768221279597376,-3.75278409409328E-16));
#4011=DIRECTION('',(5.12544910851432E-16,-1.22460635382238E-16,1.));
#4012=DIRECTION('',(-0.64018439966448,-0.768221279597376,-1.56768884223328E-17));
#4013=DIRECTION('',(-1.22464679914735E-16,5.90556912506275E-16,-1.));
#4014=DIRECTION('center_axis',(-3.03239332673222E-32,-1.,-2.47613706159481E-16));
#4015=DIRECTION('ref_axis',(-1.,0.,1.22464679914735E-16));
#4016=DIRECTION('',(-1.,0.,1.22464679914735E-16));
#4017=DIRECTION('',(-1.22464679914735E-16,2.47613706159481E-16,-1.));
#4018=DIRECTION('',(-1.,0.,1.22464679914735E-16));
#4019=DIRECTION('',(-1.,0.,1.22464679914735E-16));
#4020=DIRECTION('',(-1.,0.,1.22464679914735E-16));
#4021=DIRECTION('',(-1.,0.,1.22464679914735E-16));
#4022=DIRECTION('',(1.,0.,-1.22464679914735E-16));
#4023=DIRECTION('',(1.,0.,-1.22464679914735E-16));
#4024=DIRECTION('center_axis',(3.03239332673222E-32,1.,2.47613706159481E-16));
#4025=DIRECTION('ref_axis',(1.,0.,-1.22464679914735E-16));
#4026=DIRECTION('',(-1.,0.,1.22464679914735E-16));
#4027=DIRECTION('',(-1.22464679914735E-16,2.47613706159481E-16,-1.));
#4028=DIRECTION('',(1.,0.,-1.22464679914735E-16));
#4029=DIRECTION('',(-1.,0.,1.22464679914735E-16));
#4030=DIRECTION('',(1.22464679914735E-16,-2.47613706159481E-16,1.));
#4031=DIRECTION('',(1.,0.,-1.22464679914735E-16));
#4032=DIRECTION('center_axis',(1.,0.,-1.22464679914735E-16));
#4033=DIRECTION('ref_axis',(-1.22464679914735E-16,0.,-1.));
#4034=DIRECTION('',(-1.22464679914735E-16,1.22460635382238E-16,-1.));
#4035=DIRECTION('',(-1.49971025142409E-32,-1.,-1.22460635382238E-16));
#4036=DIRECTION('center_axis',(1.18808190751979E-16,0.242535625036333,0.970142500145332));
#4037=DIRECTION('ref_axis',(2.97020476879948E-17,-0.970142500145332,0.242535625036333));
#4038=DIRECTION('',(-0.235702260395516,-0.942809041582063,0.235702260395516));
#4039=DIRECTION('',(-0.235702260395516,0.942809041582063,-0.235702260395516));
#4040=DIRECTION('center_axis',(-1.,0.,1.22464679914735E-16));
#4041=DIRECTION('ref_axis',(7.23223632615153E-32,1.,5.90556912506275E-16));
#4042=DIRECTION('',(1.22464679914735E-16,-1.22460635382238E-16,1.));
#4043=DIRECTION('',(1.49971025142409E-32,1.,1.22460635382238E-16));
#4044=DIRECTION('center_axis',(3.03239332673222E-32,1.,2.47613706159481E-16));
#4045=DIRECTION('ref_axis',(1.,0.,-1.22464679914735E-16));
#4046=DIRECTION('',(-1.22464679914735E-16,2.47613706159481E-16,-1.));
#4047=DIRECTION('',(-1.,0.,1.22464679914735E-16));
#4048=DIRECTION('',(1.22464679914735E-16,-2.47613706159481E-16,1.));
#4049=DIRECTION('',(1.,0.,-1.22464679914735E-16));
#4050=DIRECTION('center_axis',(-2.97020476879948E-17,-0.970142500145332,
-0.242535625036333));
#4051=DIRECTION('ref_axis',(-1.18808190751979E-16,0.242535625036333,-0.970142500145332));
#4052=DIRECTION('',(-1.,0.,1.22464679914735E-16));
#4053=DIRECTION('',(1.,0.,-1.22464679914735E-16));
#4054=DIRECTION('',(0.235702260395514,-0.235702260395516,0.942809041582064));
#4055=DIRECTION('center_axis',(0.970142500145332,0.242535625036333,-8.91071240072016E-17));
#4056=DIRECTION('ref_axis',(0.242535625036333,-0.970142500145332,-1.48506314667105E-16));
#4057=DIRECTION('',(1.22464679914735E-16,-1.22460635382238E-16,1.));
#4058=DIRECTION('',(-0.235702260395516,0.942809041582063,-0.235702260395516));
#4059=DIRECTION('',(0.235702260395516,-0.942809041582063,-0.235702260395516));
#4060=DIRECTION('center_axis',(1.,0.,-1.22464679914735E-16));
#4061=DIRECTION('ref_axis',(-5.73252607472744E-32,-1.,-4.68096277124037E-16));
#4062=DIRECTION('',(-1.22464679914735E-16,1.22460635382238E-16,-1.));
#4063=DIRECTION('',(0.,-1.,0.));
#4064=DIRECTION('',(-1.22464679914735E-16,4.68096277124037E-16,-1.));
#4065=DIRECTION('center_axis',(1.,0.,-1.22464679914735E-16));
#4066=DIRECTION('ref_axis',(-7.23223632615153E-32,-1.,-5.90556912506275E-16));
#4067=DIRECTION('',(-1.22464679914735E-16,1.22460635382238E-16,-1.));
#4068=DIRECTION('',(-1.49971025142409E-32,-1.,-1.22460635382238E-16));
#4069=DIRECTION('center_axis',(-1.49971025142409E-32,-1.,-1.22460635382238E-16));
#4070=DIRECTION('ref_axis',(-1.,0.,1.22464679914735E-16));
#4071=DIRECTION('',(-1.22464679914735E-16,1.22460635382238E-16,-1.));
#4072=DIRECTION('',(-1.22464679914735E-16,1.22460635382238E-16,-1.));
#4073=DIRECTION('',(1.22464679914735E-16,-1.22460635382238E-16,1.));
#4074=DIRECTION('center_axis',(1.49971025142409E-32,1.,1.22460635382238E-16));
#4075=DIRECTION('ref_axis',(-1.22464679914735E-16,1.22460635382238E-16,
-1.));
#4076=DIRECTION('',(1.,0.,-1.22464679914735E-16));
#4077=DIRECTION('center_axis',(1.,0.,-1.22464679914735E-16));
#4078=DIRECTION('ref_axis',(1.49971025142409E-32,-1.,1.22460635382238E-16));
#4079=DIRECTION('',(1.49971025142409E-32,-1.,1.22460635382238E-16));
#4080=DIRECTION('',(-1.22464679914735E-16,0.,-1.));
#4081=DIRECTION('',(0.,1.,0.));
#4082=DIRECTION('',(-1.49971025142409E-32,1.,-1.22460635382238E-16));
#4083=DIRECTION('center_axis',(1.22464679914735E-16,-1.22460635382238E-16,
1.));
#4084=DIRECTION('ref_axis',(1.,0.,-1.22464679914735E-16));
#4085=DIRECTION('',(1.,0.,-1.22464679914735E-16));
#4086=DIRECTION('center_axis',(-0.768221279597373,0.,0.640184399664483));
#4087=DIRECTION('ref_axis',(-0.640184399664483,0.,-0.768221279597373));
#4088=DIRECTION('',(-0.640184399664483,1.08101391667632E-17,-0.768221279597373));
#4089=DIRECTION('',(0.,1.,0.));
#4090=DIRECTION('center_axis',(1.22464679914735E-16,0.,1.));
#4091=DIRECTION('ref_axis',(-1.,0.,1.22464679914735E-16));
#4092=DIRECTION('',(-1.,0.,1.22464679914735E-16));
#4093=DIRECTION('center_axis',(-1.22464679914735E-16,-1.22460635382238E-16,
-1.));
#4094=DIRECTION('ref_axis',(1.,0.,-1.22464679914735E-16));
#4095=DIRECTION('',(1.,0.,-1.22464679914735E-16));
#4096=DIRECTION('',(-2.30194991670246E-32,1.,-1.22460635382238E-16));
#4097=DIRECTION('',(-1.02050529485199E-16,1.,-1.22460635382238E-16));
#4098=DIRECTION('center_axis',(-1.13705600757556E-16,0.371390676354104,
-0.928476690885259));
#4099=DIRECTION('ref_axis',(-4.54822403030224E-17,-0.928476690885259,-0.371390676354104));
#4100=DIRECTION('',(1.,0.,-1.22464679914735E-16));
#4101=DIRECTION('center_axis',(-0.768221279597373,-7.83973883447091E-17,
-0.640184399664484));
#4102=DIRECTION('ref_axis',(0.640184399664484,-9.407686601365E-17,-0.768221279597373));
#4103=DIRECTION('',(0.640184399664484,-8.32667268468867E-17,-0.768221279597373));
#4104=DIRECTION('center_axis',(-8.9343393250467E-19,1.22460635382238E-16,
1.));
#4105=DIRECTION('ref_axis',(-1.,-1.51065130012874E-32,-8.93433932504667E-19));
#4106=DIRECTION('',(1.,1.51065130012874E-32,8.93433932504667E-19));
#4107=DIRECTION('center_axis',(1.,0.,-1.22464679914735E-16));
#4108=DIRECTION('ref_axis',(0.,-1.,0.));
#4109=DIRECTION('',(0.,1.,0.));
#4110=DIRECTION('',(0.,-1.,0.));
#4111=DIRECTION('',(-1.22464679914735E-16,1.22460635382238E-16,-1.));
#4112=DIRECTION('center_axis',(-1.49971025142409E-32,1.,-1.22460635382238E-16));
#4113=DIRECTION('ref_axis',(1.22464679914735E-16,1.22460635382238E-16,1.));
#4114=DIRECTION('',(-1.,0.,1.22464679914735E-16));
#4115=DIRECTION('',(0.640184399664478,8.32667268468867E-17,0.768221279597378));
#4116=DIRECTION('',(-0.640184399664484,1.08101391667632E-17,-0.768221279597373));
#4117=DIRECTION('',(1.22464679914735E-16,0.,1.));
#4118=DIRECTION('center_axis',(0.768221279597378,-7.83973883447083E-17,
-0.640184399664478));
#4119=DIRECTION('ref_axis',(0.640184399664478,9.40768660136506E-17,0.768221279597378));
#4120=DIRECTION('center_axis',(1.22464679914735E-16,-3.69176863076717E-16,
1.));
#4121=DIRECTION('ref_axis',(-4.52111263686162E-32,-1.,-3.69176863076717E-16));
#4122=DIRECTION('center_axis',(-1.22464679914735E-16,0.,-1.));
#4123=DIRECTION('ref_axis',(1.,0.,-1.22464679914735E-16));
#4124=DIRECTION('',(0.,1.,0.));
#4125=DIRECTION('',(-1.,0.,1.22464679914735E-16));
#4126=DIRECTION('',(0.,-1.,0.));
#4127=DIRECTION('center_axis',(-1.22464679914735E-16,0.,-1.));
#4128=DIRECTION('ref_axis',(1.,0.,-1.22464679914735E-16));
#4129=DIRECTION('',(0.,1.,0.));
#4130=DIRECTION('center_axis',(-1.,0.,1.22464679914735E-16));
#4131=DIRECTION('ref_axis',(-1.22464679914735E-16,1.22460635382238E-16,
-1.));
#4132=DIRECTION('',(0.,-1.,0.));
#4133=DIRECTION('',(-3.03239332673222E-32,-1.,-2.47613706159481E-16));
#4134=DIRECTION('',(-1.21014436461033E-16,0.153440662037049,-0.988157863518594));
#4135=DIRECTION('center_axis',(-1.,0.,1.22464679914735E-16));
#4136=DIRECTION('ref_axis',(1.49971025142409E-32,1.,1.22460635382238E-16));
#4137=DIRECTION('center_axis',(1.,0.,-1.22464679914735E-16));
#4138=DIRECTION('ref_axis',(-1.22464679914735E-16,0.,-1.));
#4139=DIRECTION('',(0.,-1.,0.));
#4140=DIRECTION('',(-1.22464679914735E-16,1.22460635382238E-16,-1.));
#4141=DIRECTION('center_axis',(0.970142500145332,0.242535625036333,-8.91071240072016E-17));
#4142=DIRECTION('ref_axis',(0.242535625036333,-0.970142500145332,-1.48506314667105E-16));
#4143=DIRECTION('',(1.22464679914735E-16,-1.22460635382238E-16,1.));
#4144=DIRECTION('',(-0.235702260395516,0.942809041582063,-0.235702260395516));
#4145=DIRECTION('',(0.235702260395516,-0.942809041582063,-0.235702260395516));
#4146=DIRECTION('center_axis',(1.,0.,-1.22464679914735E-16));
#4147=DIRECTION('ref_axis',(-5.73252607472744E-32,-1.,-4.68096277124037E-16));
#4148=DIRECTION('',(0.,-1.,0.));
#4149=DIRECTION('center_axis',(1.,0.,-1.22464679914735E-16));
#4150=DIRECTION('ref_axis',(-7.23223632615153E-32,-1.,-5.90556912506275E-16));
#4151=DIRECTION('',(-1.22464679914735E-16,1.22460635382238E-16,-1.));
#4152=DIRECTION('',(-1.49971025142409E-32,-1.,-1.22460635382238E-16));
#4153=DIRECTION('',(1.22464679914735E-16,-5.90556912506275E-16,1.));
#4154=DIRECTION('center_axis',(-1.22464679914735E-16,3.70074341541719E-16,
-1.));
#4155=DIRECTION('ref_axis',(-1.,0.,1.22464679914735E-16));
#4156=DIRECTION('',(4.53210357815631E-32,1.,3.70074341541719E-16));
#4157=DIRECTION('',(3.03239332673222E-32,1.,2.47613706159481E-16));
#4158=DIRECTION('center_axis',(1.22464679914735E-16,-1.22460635382238E-16,
1.));
#4159=DIRECTION('ref_axis',(1.,0.,-1.22464679914735E-16));
#4160=DIRECTION('center_axis',(-1.22464679914735E-16,-1.22460635382238E-16,
-1.));
#4161=DIRECTION('ref_axis',(1.,0.,-1.22464679914735E-16));
#4162=DIRECTION('',(-1.49971025142409E-32,1.,-1.22460635382238E-16));
#4163=DIRECTION('center_axis',(-1.,0.,1.22464679914735E-16));
#4164=DIRECTION('ref_axis',(1.49971025142409E-32,-1.,1.22460635382238E-16));
#4165=DIRECTION('center_axis',(4.53210357815631E-32,1.,3.70074341541719E-16));
#4166=DIRECTION('ref_axis',(1.,0.,-1.22464679914735E-16));
#4167=DIRECTION('',(-1.,0.,1.22464679914735E-16));
#4168=DIRECTION('',(1.,0.,-1.22464679914735E-16));
#4169=DIRECTION('',(-1.22464679914735E-16,3.70074341541719E-16,-1.));
#4170=DIRECTION('',(-1.,0.,1.22464679914735E-16));
#4171=DIRECTION('center_axis',(1.22464679914735E-16,0.,1.));
#4172=DIRECTION('ref_axis',(1.,0.,-1.22464679914735E-16));
#4173=DIRECTION('',(-4.53210357815631E-32,-1.,-3.70074341541719E-16));
#4174=DIRECTION('center_axis',(-1.,0.,1.22464679914735E-16));
#4175=DIRECTION('ref_axis',(1.49971025142409E-32,1.,1.22460635382238E-16));
#4176=DIRECTION('',(-1.,0.,1.22464679914735E-16));
#4177=DIRECTION('center_axis',(-7.23223632615153E-32,-1.,-5.90556912506275E-16));
#4178=DIRECTION('ref_axis',(-1.,0.,1.22464679914735E-16));
#4179=DIRECTION('',(-1.,0.,1.22464679914735E-16));
#4180=DIRECTION('',(1.,0.,-1.22464679914735E-16));
#4181=DIRECTION('center_axis',(-0.768221279597373,0.,0.640184399664484));
#4182=DIRECTION('ref_axis',(-0.640184399664484,0.,-0.768221279597373));
#4183=DIRECTION('center_axis',(1.,0.,-1.22464679914735E-16));
#4184=DIRECTION('ref_axis',(-1.22464679914735E-16,0.,-1.));
#4185=DIRECTION('',(0.,-1.,0.));
#4186=DIRECTION('center_axis',(1.22464679914735E-16,-3.70074341541719E-16,
1.));
#4187=DIRECTION('ref_axis',(-1.,0.,1.22464679914735E-16));
#4188=DIRECTION('center_axis',(0.,-1.,0.));
#4189=DIRECTION('ref_axis',(-1.22464679914735E-16,0.,-1.));
#4190=DIRECTION('',(-5.12544910851432E-16,0.,-1.));
#4191=DIRECTION('',(-2.67615551021962E-16,0.,1.));
#4192=DIRECTION('',(-1.,0.,1.22464679914735E-16));
#4193=DIRECTION('center_axis',(1.,0.,-1.22464679914735E-16));
#4194=DIRECTION('ref_axis',(-1.22464679914735E-16,2.47613706159481E-16,
-1.));
#4195=DIRECTION('',(3.03239332673222E-32,1.,2.47613706159481E-16));
#4196=DIRECTION('',(3.03239332673222E-32,1.,2.47613706159481E-16));
#4197=DIRECTION('center_axis',(1.22464679914735E-16,-2.47613706159481E-16,
1.));
#4198=DIRECTION('ref_axis',(1.,0.,-1.22464679914735E-16));
#4199=DIRECTION('',(1.,0.,-1.22464679914735E-16));
#4200=DIRECTION('',(1.,0.,-1.22464679914735E-16));
#4201=DIRECTION('center_axis',(-1.22464679914735E-16,2.47613706159481E-16,
-1.));
#4202=DIRECTION('ref_axis',(-1.,0.,1.22464679914735E-16));
#4203=DIRECTION('center_axis',(1.22464679914735E-16,1.22460635382238E-16,
1.));
#4204=DIRECTION('ref_axis',(1.,0.,-1.22464679914735E-16));
#4205=DIRECTION('',(0.,1.,0.));
#4206=DIRECTION('',(0.64018439966448,0.768221279597376,-7.83999775913175E-17));
#4207=DIRECTION('',(0.64018439966448,-0.768221279597376,-7.83999775913175E-17));
#4208=DIRECTION('',(-1.49971025142409E-32,1.,-1.22460635382238E-16));
#4209=DIRECTION('',(1.49971025142409E-32,-1.,1.22460635382238E-16));
#4210=DIRECTION('',(-1.49971025142409E-32,1.,-1.22460635382238E-16));
#4211=DIRECTION('',(1.49971025142409E-32,-1.,1.22460635382238E-16));
#4212=DIRECTION('center_axis',(-1.,0.,1.22464679914735E-16));
#4213=DIRECTION('ref_axis',(0.,-1.,0.));
#4214=DIRECTION('center_axis',(-1.,0.,1.22464679914735E-16));
#4215=DIRECTION('ref_axis',(-1.22464679914735E-16,1.22460635382238E-16,
-1.));
#4216=DIRECTION('',(1.22464679914735E-16,-1.22460635382238E-16,1.));
#4217=DIRECTION('',(0.,1.,0.));
#4218=DIRECTION('center_axis',(0.768221279597376,0.64018439966448,2.05587961046249E-16));
#4219=DIRECTION('ref_axis',(0.64018439966448,-0.768221279597376,-4.38001498578312E-16));
#4220=DIRECTION('center_axis',(-0.768221279597376,0.64018439966448,3.93747907265411E-16));
#4221=DIRECTION('ref_axis',(0.64018439966448,0.768221279597376,2.81201543395677E-16));
#4222=DIRECTION('',(-1.22464679914735E-16,4.68096277124037E-16,-1.));
#4223=DIRECTION('center_axis',(-1.,0.,1.22464679914735E-16));
#4224=DIRECTION('ref_axis',(5.73252607472744E-32,1.,4.68096277124037E-16));
#4225=DIRECTION('center_axis',(-1.87910615622723E-17,-0.988157863518594,
-0.153440662037049));
#4226=DIRECTION('ref_axis',(1.21014436461033E-16,-0.153440662037049,0.988157863518594));
#4227=DIRECTION('',(1.21014436461033E-16,-0.153440662037049,0.988157863518594));
#4228=DIRECTION('',(-1.,0.,1.22464679914735E-16));
#4229=DIRECTION('',(-1.21014436461033E-16,0.153440662037049,-0.988157863518594));
#4230=DIRECTION('',(1.21014436461033E-16,-0.153440662037049,0.988157863518594));
#4231=DIRECTION('',(-1.,0.,1.22464679914735E-16));
#4232=DIRECTION('',(-1.21014436461033E-16,0.153440662037049,-0.988157863518594));
#4233=DIRECTION('center_axis',(-1.49971025142409E-32,-1.,-1.22460635382238E-16));
#4234=DIRECTION('ref_axis',(-1.,0.,1.22464679914735E-16));
#4235=DIRECTION('',(-1.,0.,1.22464679914735E-16));
#4236=DIRECTION('',(1.22464679914735E-16,-1.22460635382238E-16,1.));
#4237=DIRECTION('',(1.22464679914735E-16,-1.22460635382238E-16,1.));
#4238=DIRECTION('',(1.,0.,-1.22464679914735E-16));
#4239=DIRECTION('',(-1.22464679914735E-16,1.22460635382238E-16,-1.));
#4240=DIRECTION('',(-1.22464679914735E-16,1.22460635382238E-16,-1.));
#4241=DIRECTION('center_axis',(-1.,0.,1.22464679914735E-16));
#4242=DIRECTION('ref_axis',(-1.22464679914735E-16,1.22460635382238E-16,
-1.));
#4243=DIRECTION('',(0.,-1.,0.));
#4244=DIRECTION('',(0.,1.,0.));
#4245=DIRECTION('center_axis',(-1.,0.,1.22464679914735E-16));
#4246=DIRECTION('ref_axis',(1.49971025142409E-32,1.,1.22460635382238E-16));
#4247=DIRECTION('center_axis',(-1.,0.,1.22464679914735E-16));
#4248=DIRECTION('ref_axis',(1.49971025142409E-32,1.,1.22460635382238E-16));
#4249=DIRECTION('',(1.22464679914735E-16,-1.22460635382238E-16,1.));
#4250=DIRECTION('center_axis',(-1.,0.,1.22464679914735E-16));
#4251=DIRECTION('ref_axis',(5.29844511581038E-32,-1.,4.32650876930341E-16));
#4252=DIRECTION('center_axis',(-1.22464679914735E-16,0.,-1.));
#4253=DIRECTION('ref_axis',(1.,0.,-1.22464679914735E-16));
#4254=DIRECTION('',(0.,-1.,0.));
#4255=DIRECTION('',(-1.,0.,1.22464679914735E-16));
#4256=DIRECTION('center_axis',(1.,0.,-1.22464679914735E-16));
#4257=DIRECTION('ref_axis',(-1.22464679914735E-16,0.,-1.));
#4258=DIRECTION('',(1.49971025142409E-32,1.,1.22460635382238E-16));
#4259=DIRECTION('',(-1.22464679914735E-16,1.22460635382238E-16,-1.));
#4260=DIRECTION('center_axis',(-1.49971025142409E-32,-1.,-1.22460635382238E-16));
#4261=DIRECTION('ref_axis',(-1.,0.,1.22464679914735E-16));
#4262=DIRECTION('',(1.,0.,-1.22464679914735E-16));
#4263=DIRECTION('',(1.22464679914735E-16,-1.22460635382238E-16,1.));
#4264=DIRECTION('',(-1.,0.,1.22464679914735E-16));
#4265=DIRECTION('',(-1.22464679914735E-16,1.22460635382238E-16,-1.));
#4266=DIRECTION('center_axis',(1.,0.,-1.22464679914735E-16));
#4267=DIRECTION('ref_axis',(-1.22464679914735E-16,0.,-1.));
#4268=DIRECTION('',(-1.49971025142409E-32,-1.,-1.22460635382238E-16));
#4269=DIRECTION('center_axis',(-1.,0.,1.22464679914735E-16));
#4270=DIRECTION('ref_axis',(5.29844511581038E-32,-1.,4.32650876930341E-16));
#4271=DIRECTION('center_axis',(-1.,0.,1.22464679914735E-16));
#4272=DIRECTION('ref_axis',(1.49971025142409E-32,1.,1.22460635382238E-16));
#4273=DIRECTION('center_axis',(-1.,0.,1.22464679914735E-16));
#4274=DIRECTION('ref_axis',(1.49971025142409E-32,1.,1.22460635382238E-16));
#4275=DIRECTION('center_axis',(1.22464679914735E-16,-1.22460635382238E-16,
1.));
#4276=DIRECTION('ref_axis',(1.,0.,-1.22464679914735E-16));
#4277=DIRECTION('',(1.,0.,-1.22464679914735E-16));
#4278=DIRECTION('center_axis',(-1.,0.,1.22464679914735E-16));
#4279=DIRECTION('ref_axis',(1.49971025142409E-32,1.,1.22460635382238E-16));
#4280=DIRECTION('center_axis',(-0.970142500145332,2.97010667447777E-17,
-0.242535625036334));
#4281=DIRECTION('ref_axis',(0.242535625036334,1.1880426697911E-16,-0.970142500145332));
#4282=DIRECTION('',(1.49971025142409E-32,1.,1.22460635382238E-16));
#4283=DIRECTION('',(-0.235702260395517,0.235702260395516,0.942809041582063));
#4284=DIRECTION('',(-1.49971025142409E-32,-1.,-1.22460635382238E-16));
#4285=DIRECTION('',(-0.235702260395517,-0.235702260395516,0.942809041582063));
#4286=DIRECTION('center_axis',(2.97020476879948E-17,-0.970142500145332,
0.242535625036333));
#4287=DIRECTION('ref_axis',(-1.18808190751979E-16,-0.242535625036333,-0.970142500145332));
#4288=DIRECTION('',(-0.235702260395514,-0.235702260395516,-0.942809041582064));
#4289=DIRECTION('',(1.,0.,-1.22464679914735E-16));
#4290=DIRECTION('center_axis',(-2.97020476879948E-17,-0.970142500145332,
-0.242535625036333));
#4291=DIRECTION('ref_axis',(-1.18808190751979E-16,0.242535625036333,-0.970142500145332));
#4292=DIRECTION('',(1.,0.,-1.22464679914735E-16));
#4293=DIRECTION('',(0.235702260395514,-0.235702260395516,0.942809041582064));
#4294=DIRECTION('center_axis',(-0.970142500145332,-2.97010667447773E-17,
0.242535625036331));
#4295=DIRECTION('ref_axis',(-0.242535625036331,1.1880426697911E-16,-0.970142500145332));
#4296=DIRECTION('',(-1.49971025142409E-32,-1.,-1.22460635382238E-16));
#4297=DIRECTION('center_axis',(-1.22464679914735E-16,1.22460635382238E-16,
-1.));
#4298=DIRECTION('ref_axis',(-1.,0.,1.22464679914735E-16));
#4299=DIRECTION('center_axis',(-1.,0.,1.22464679914735E-16));
#4300=DIRECTION('ref_axis',(-1.22464679914735E-16,1.22460635382238E-16,
-1.));
#4301=DIRECTION('center_axis',(1.,0.,-1.22464679914735E-16));
#4302=DIRECTION('ref_axis',(-1.49971025142409E-32,-1.,-1.22460635382238E-16));
#4303=DIRECTION('center_axis',(-1.,0.,1.22464679914735E-16));
#4304=DIRECTION('ref_axis',(1.49971025142409E-32,1.,1.22460635382238E-16));
#4305=DIRECTION('center_axis',(1.18808190751979E-16,0.242535625036333,0.970142500145332));
#4306=DIRECTION('ref_axis',(2.97020476879948E-17,-0.970142500145332,0.242535625036333));
#4307=DIRECTION('',(-1.,0.,1.22464679914735E-16));
#4308=DIRECTION('',(-0.235702260395516,-0.942809041582063,0.235702260395516));
#4309=DIRECTION('center_axis',(-1.18808190751979E-16,0.242535625036333,
-0.970142500145332));
#4310=DIRECTION('ref_axis',(-2.97020476879948E-17,-0.970142500145332,-0.242535625036333));
#4311=DIRECTION('',(1.,0.,-1.22464679914735E-16));
#4312=DIRECTION('',(0.235702260395516,0.942809041582063,0.235702260395516));
#4313=DIRECTION('center_axis',(-0.970142500145332,0.242535625036333,1.48509257496757E-16));
#4314=DIRECTION('ref_axis',(-0.242535625036333,-0.970142500145332,-8.91022192911152E-17));
#4315=DIRECTION('',(-1.22464679914735E-16,1.22460635382238E-16,-1.));
#4316=DIRECTION('center_axis',(2.97020476879948E-17,-0.970142500145332,
0.242535625036333));
#4317=DIRECTION('ref_axis',(-1.18808190751979E-16,-0.242535625036333,-0.970142500145332));
#4318=DIRECTION('',(-0.235702260395514,-0.235702260395516,-0.942809041582064));
#4319=DIRECTION('',(1.,0.,-1.22464679914735E-16));
#4320=DIRECTION('center_axis',(1.,0.,-1.22464679914735E-16));
#4321=DIRECTION('ref_axis',(-1.22464679914735E-16,0.,-1.));
#4322=DIRECTION('',(-1.22464679914735E-16,1.22460635382238E-16,-1.));
#4323=DIRECTION('center_axis',(-1.,0.,1.22464679914735E-16));
#4324=DIRECTION('ref_axis',(-1.22464679914735E-16,1.22460635382238E-16,
-1.));
#4325=DIRECTION('',(1.22464679914735E-16,-1.22460635382238E-16,1.));
#4326=DIRECTION('center_axis',(1.49971025142409E-32,1.,1.22460635382238E-16));
#4327=DIRECTION('ref_axis',(1.,0.,-1.22464679914735E-16));
#4328=DIRECTION('center_axis',(1.,0.,-1.22464679914735E-16));
#4329=DIRECTION('ref_axis',(-1.22464679914735E-16,0.,-1.));
#4330=DIRECTION('',(1.22464679914735E-16,-1.22460635382238E-16,1.));
#4331=DIRECTION('',(1.49971025142409E-32,1.,1.22460635382238E-16));
#4332=DIRECTION('',(-1.22464679914735E-16,1.22460635382238E-16,-1.));
#4333=DIRECTION('center_axis',(2.97020476879948E-17,-0.970142500145332,
0.242535625036333));
#4334=DIRECTION('ref_axis',(-1.18808190751979E-16,-0.242535625036333,-0.970142500145332));
#4335=DIRECTION('',(1.,0.,-1.22464679914735E-16));
#4336=DIRECTION('',(-0.235702260395514,-0.235702260395516,-0.942809041582064));
#4337=DIRECTION('',(1.,0.,-1.22464679914735E-16));
#4338=DIRECTION('',(-0.235702260395517,0.235702260395516,0.942809041582063));
#4339=DIRECTION('center_axis',(-1.22464679914735E-16,1.22460635382238E-16,
-1.));
#4340=DIRECTION('ref_axis',(-1.,0.,1.22464679914735E-16));
#4341=DIRECTION('',(-1.49971025142409E-32,-1.,-1.22460635382238E-16));
#4342=DIRECTION('',(1.,0.,-1.22464679914735E-16));
#4343=DIRECTION('',(-1.49971025142409E-32,-1.,-1.22460635382238E-16));
#4344=DIRECTION('center_axis',(-2.97020476879948E-17,-0.970142500145332,
-0.242535625036333));
#4345=DIRECTION('ref_axis',(-1.18808190751979E-16,0.242535625036333,-0.970142500145332));
#4346=DIRECTION('',(-1.,0.,1.22464679914735E-16));
#4347=DIRECTION('',(-0.235702260395517,-0.235702260395516,0.942809041582063));
#4348=DIRECTION('',(0.235702260395514,-0.235702260395516,0.942809041582064));
#4349=DIRECTION('center_axis',(-0.970142500145332,2.97010667447777E-17,
-0.242535625036334));
#4350=DIRECTION('ref_axis',(0.242535625036334,1.1880426697911E-16,-0.970142500145332));
#4351=DIRECTION('',(1.49971025142409E-32,1.,1.22460635382238E-16));
#4352=DIRECTION('center_axis',(-1.,0.,1.22464679914735E-16));
#4353=DIRECTION('ref_axis',(-1.22464679914735E-16,1.22460635382238E-16,
-1.));
#4354=DIRECTION('',(1.22464679914735E-16,-1.22460635382238E-16,1.));
#4355=DIRECTION('',(-1.22464679914735E-16,1.22460635382238E-16,-1.));
#4356=DIRECTION('center_axis',(-1.,0.,1.22464679914735E-16));
#4357=DIRECTION('ref_axis',(1.49971025142409E-32,1.,1.22460635382238E-16));
#4358=DIRECTION('',(-1.,0.,1.22464679914735E-16));
#4359=DIRECTION('center_axis',(-1.,0.,1.22464679914735E-16));
#4360=DIRECTION('ref_axis',(1.49971025142409E-32,1.,1.22460635382238E-16));
#4361=DIRECTION('center_axis',(-1.,0.,1.22464679914735E-16));
#4362=DIRECTION('ref_axis',(1.49971025142409E-32,1.,1.22460635382238E-16));
#4363=DIRECTION('center_axis',(1.22464679914735E-16,-1.22460635382238E-16,
1.));
#4364=DIRECTION('ref_axis',(1.,0.,-1.22464679914735E-16));
#4365=DIRECTION('',(-1.49971025142409E-32,-1.,-1.22460635382238E-16));
#4366=DIRECTION('',(0.,-1.,0.));
#4367=DIRECTION('',(1.,0.,-1.22464679914735E-16));
#4368=DIRECTION('center_axis',(-1.,0.,1.22464679914735E-16));
#4369=DIRECTION('ref_axis',(1.49971025142409E-32,1.,1.22460635382238E-16));
#4370=DIRECTION('center_axis',(-1.,0.,1.22464679914735E-16));
#4371=DIRECTION('ref_axis',(1.49971025142409E-32,1.,1.22460635382238E-16));
#4372=DIRECTION('',(-1.,0.,1.22464679914735E-16));
#4373=DIRECTION('center_axis',(-1.,0.,1.22464679914735E-16));
#4374=DIRECTION('ref_axis',(1.49971025142409E-32,1.,1.22460635382238E-16));
#4375=DIRECTION('center_axis',(-1.22464679914735E-16,0.,-1.));
#4376=DIRECTION('ref_axis',(1.,0.,-1.22464679914735E-16));
#4377=DIRECTION('',(0.,-1.,0.));
#4378=DIRECTION('',(0.,1.,0.));
#4379=DIRECTION('center_axis',(1.,0.,-1.22464679914735E-16));
#4380=DIRECTION('ref_axis',(-1.22464679914735E-16,0.,-1.));
#4381=DIRECTION('center_axis',(-1.,0.,1.22464679914735E-16));
#4382=DIRECTION('ref_axis',(5.29844511581038E-32,-1.,4.32650876930341E-16));
#4383=DIRECTION('',(1.22464679914735E-16,-1.22460635382238E-16,1.));
#4384=DIRECTION('',(-1.22464679914735E-16,1.22460635382238E-16,-1.));
#4385=DIRECTION('center_axis',(-1.,0.,1.22464679914735E-16));
#4386=DIRECTION('ref_axis',(-1.22464679914735E-16,1.22460635382238E-16,
-1.));
#4387=DIRECTION('',(1.22464679914735E-16,-1.22460635382238E-16,1.));
#4388=DIRECTION('',(-1.22464679914735E-16,1.22460635382238E-16,-1.));
#4389=DIRECTION('center_axis',(-1.,0.,1.22464679914735E-16));
#4390=DIRECTION('ref_axis',(5.29844511581038E-32,-1.,4.32650876930341E-16));
#4391=DIRECTION('center_axis',(-1.49971025142409E-32,-1.,-1.22460635382238E-16));
#4392=DIRECTION('ref_axis',(-1.,0.,1.22464679914735E-16));
#4393=DIRECTION('center_axis',(-1.49971025142409E-32,-1.,-1.22460635382238E-16));
#4394=DIRECTION('ref_axis',(-1.,0.,1.22464679914735E-16));
#4395=DIRECTION('',(1.,0.,-1.22464679914735E-16));
#4396=DIRECTION('center_axis',(1.,0.,-1.22464679914735E-16));
#4397=DIRECTION('ref_axis',(-1.49971025142409E-32,-1.,-1.22460635382238E-16));
#4398=DIRECTION('center_axis',(-0.970142500145332,-2.97010667447773E-17,
0.242535625036331));
#4399=DIRECTION('ref_axis',(-0.242535625036331,1.1880426697911E-16,-0.970142500145332));
#4400=DIRECTION('center_axis',(1.18808190751979E-16,0.242535625036333,0.970142500145332));
#4401=DIRECTION('ref_axis',(2.97020476879948E-17,-0.970142500145332,0.242535625036333));
#4402=DIRECTION('',(-1.,0.,1.22464679914735E-16));
#4403=DIRECTION('',(-0.235702260395516,-0.942809041582063,0.235702260395516));
#4404=DIRECTION('center_axis',(-1.18808190751979E-16,0.242535625036333,
-0.970142500145332));
#4405=DIRECTION('ref_axis',(-2.97020476879948E-17,-0.970142500145332,-0.242535625036333));
#4406=DIRECTION('',(1.,0.,-1.22464679914735E-16));
#4407=DIRECTION('',(-1.,0.,1.22464679914735E-16));
#4408=DIRECTION('',(0.235702260395516,0.942809041582063,0.235702260395516));
#4409=DIRECTION('center_axis',(-0.970142500145332,0.242535625036333,1.48509257496757E-16));
#4410=DIRECTION('ref_axis',(-0.242535625036333,-0.970142500145332,-8.91022192911152E-17));
#4411=DIRECTION('',(-1.22464679914735E-16,1.22460635382238E-16,-1.));
#4412=DIRECTION('center_axis',(-0.970142500145332,-2.97010667447773E-17,
0.242535625036331));
#4413=DIRECTION('ref_axis',(-0.242535625036331,1.1880426697911E-16,-0.970142500145332));
#4414=DIRECTION('',(-1.49971025142409E-32,-1.,-1.22460635382238E-16));
#4415=DIRECTION('center_axis',(-1.22464679914735E-16,0.,-1.));
#4416=DIRECTION('ref_axis',(1.,0.,-1.22464679914735E-16));
#4417=DIRECTION('center_axis',(-1.22464679914735E-16,1.22460635382238E-16,
-1.));
#4418=DIRECTION('ref_axis',(-1.,0.,1.22464679914735E-16));
#4419=DIRECTION('center_axis',(1.49971025142409E-32,1.,1.22460635382238E-16));
#4420=DIRECTION('ref_axis',(1.,0.,-1.22464679914735E-16));
#4421=DIRECTION('center_axis',(-1.18808190751979E-16,0.242535625036333,
-0.970142500145332));
#4422=DIRECTION('ref_axis',(-2.97020476879948E-17,-0.970142500145332,-0.242535625036333));
#4423=DIRECTION('',(0.235702260395516,-0.942809041582063,-0.235702260395516));
#4424=DIRECTION('',(0.235702260395516,0.942809041582063,0.235702260395516));
#4425=DIRECTION('center_axis',(-0.970142500145332,0.242535625036333,1.48509257496757E-16));
#4426=DIRECTION('ref_axis',(-0.242535625036333,-0.970142500145332,-8.91022192911152E-17));
#4427=DIRECTION('center_axis',(0.970142500145332,0.242535625036333,-8.91071240072016E-17));
#4428=DIRECTION('ref_axis',(0.242535625036333,-0.970142500145332,-1.48506314667105E-16));
#4429=CARTESIAN_POINT('',(0.,0.,0.));
#4430=CARTESIAN_POINT('Origin',(-1.85,3.6,0.700000000000001));
#4431=CARTESIAN_POINT('',(-1.85,3.6,0.700000000000001));
#4432=CARTESIAN_POINT('',(-1.6,3.6,0.4));
#4433=CARTESIAN_POINT('',(-5.6833333333333,3.6,5.3));
#4434=CARTESIAN_POINT('',(-1.85,-0.700000000000001,0.700000000000001));
#4435=CARTESIAN_POINT('',(-1.85,0.0974539999999988,0.700000000000001));
#4436=CARTESIAN_POINT('',(-1.6,-0.700000000000001,0.4));
#4437=CARTESIAN_POINT('',(-5.6833333333333,-0.700000000000001,5.3));
#4438=CARTESIAN_POINT('',(-1.6,0.0974539999999988,0.4));
#4439=CARTESIAN_POINT('Origin',(4.,-3.6,5.5000024));
#4440=CARTESIAN_POINT('',(4.,3.6,-1.11022302462516E-15));
#4441=CARTESIAN_POINT('',(4.,3.6,5.));
#4442=CARTESIAN_POINT('',(4.,3.6,5.3));
#4443=CARTESIAN_POINT('',(4.,-0.3,5.));
#4444=CARTESIAN_POINT('',(4.,0.097453999999999,5.));
#4445=CARTESIAN_POINT('',(4.,-1.8,4.4));
#4446=CARTESIAN_POINT('',(4.,0.097453999999999,5.1589816));
#4447=CARTESIAN_POINT('',(4.,-1.8,3.98));
#4448=CARTESIAN_POINT('',(4.,-1.8,5.3));
#4449=CARTESIAN_POINT('',(4.,-3.3,3.98));
#4450=CARTESIAN_POINT('',(4.,0.0974539999999988,3.98));
#4451=CARTESIAN_POINT('',(4.,-3.6,3.68));
#4452=CARTESIAN_POINT('Origin',(4.,-3.3,3.68));
#4453=CARTESIAN_POINT('',(4.,-3.6,2.8));
#4454=CARTESIAN_POINT('',(4.,-3.6,5.3));
#4455=CARTESIAN_POINT('',(4.,2.,2.8));
#4456=CARTESIAN_POINT('',(4.,0.0974539999999987,2.8));
#4457=CARTESIAN_POINT('',(4.,2.,1.7));
#4458=CARTESIAN_POINT('',(4.,2.,5.3));
#4459=CARTESIAN_POINT('',(4.,-3.6,1.7));
#4460=CARTESIAN_POINT('',(4.,0.0974539999999986,1.7));
#4461=CARTESIAN_POINT('',(4.,-3.6,-1.11022302462516E-15));
#4462=CARTESIAN_POINT('',(4.,-3.6,5.3));
#4463=CARTESIAN_POINT('',(4.,0.0974539999999983,-1.11022302462516E-15));
#4464=CARTESIAN_POINT('Origin',(1.8,-2.1,-2.7));
#4465=CARTESIAN_POINT('',(1.75,-2.4,-2.5));
#4466=CARTESIAN_POINT('',(1.75,-1.85,-2.5));
#4467=CARTESIAN_POINT('',(1.75,0.15,-2.5));
#4468=CARTESIAN_POINT('',(1.85,-1.95,-2.9));
#4469=CARTESIAN_POINT('',(0.249374222801489,-0.349374222801502,3.502503108794));
#4470=CARTESIAN_POINT('',(1.85,-2.3,-2.9));
#4471=CARTESIAN_POINT('',(1.85,0.15,-2.9));
#4472=CARTESIAN_POINT('',(0.249374222801489,-3.9006257771985,3.502503108794));
#4473=CARTESIAN_POINT('Origin',(2.25,-1.43975155279503,0.899999999999999));
#4474=CARTESIAN_POINT('',(1.75,-1.43975155279503,0.));
#4475=CARTESIAN_POINT('',(2.25,-1.43975155279503,-1.11022302462516E-15));
#4476=CARTESIAN_POINT('',(2.652908,-1.43975155279503,-1.11022302462516E-15));
#4477=CARTESIAN_POINT('',(2.25,-1.43975155279503,0.899999999999999));
#4478=CARTESIAN_POINT('',(2.25,-1.43975155279503,0.899999999999999));
#4479=CARTESIAN_POINT('',(1.75,-1.43975155279503,0.899999999999999));
#4480=CARTESIAN_POINT('',(2.652908,-1.43975155279503,0.899999999999999));
#4481=CARTESIAN_POINT('',(1.75,-1.43975155279503,0.899999999999999));
#4482=CARTESIAN_POINT('Origin',(2.25,-2.5,0.899999999999999));
#4483=CARTESIAN_POINT('',(2.25,-1.85,-1.11022302462516E-15));
#4484=CARTESIAN_POINT('',(2.25,0.0974539999999988,-1.11022302462516E-15));
#4485=CARTESIAN_POINT('',(2.25,-1.85,0.899999999999999));
#4486=CARTESIAN_POINT('',(2.25,-1.85,5.3));
#4487=CARTESIAN_POINT('',(2.25,0.0974539999999988,0.899999999999999));
#4488=CARTESIAN_POINT('Origin',(-1.62,-1.8,3.98));
#4489=CARTESIAN_POINT('',(-2.38,-1.8,3.98));
#4490=CARTESIAN_POINT('',(-2.38,-1.4,3.98));
#4491=CARTESIAN_POINT('',(-2.38,-1.8,3.98));
#4492=CARTESIAN_POINT('',(-1.62,-1.4,3.98));
#4493=CARTESIAN_POINT('',(-2.38,-1.4,3.98));
#4494=CARTESIAN_POINT('',(-1.62,-1.8,3.98));
#4495=CARTESIAN_POINT('',(-1.62,-1.8,3.98));
#4496=CARTESIAN_POINT('',(8.652908,-1.8,3.98));
#4497=CARTESIAN_POINT('Origin',(-3.7200024,-1.8,3.98));
#4498=CARTESIAN_POINT('',(2.95,-1.8,3.98));
#4499=CARTESIAN_POINT('',(-3.7200024,-1.8,3.98));
#4500=CARTESIAN_POINT('',(2.95,-3.3,3.98));
#4501=CARTESIAN_POINT('',(2.95,0.0974539999999988,3.98));
#4502=CARTESIAN_POINT('',(2.652908,-3.3,3.98));
#4503=CARTESIAN_POINT('Origin',(2.652908,-3.3,3.68));
#4504=CARTESIAN_POINT('',(2.95,-3.6,3.68));
#4505=CARTESIAN_POINT('',(2.652908,-3.6,3.68));
#4506=CARTESIAN_POINT('Origin',(2.95,-3.3,3.68));
#4507=CARTESIAN_POINT('Origin',(2.95,-3.1,5.5000024));
#4508=CARTESIAN_POINT('',(2.95,-1.43975155279503,0.899999999999999));
#4509=CARTESIAN_POINT('',(2.95,-3.1,0.899999999999999));
#4510=CARTESIAN_POINT('',(2.95,0.0974539999999988,0.899999999999999));
#4511=CARTESIAN_POINT('',(2.95,-3.1,-1.11022302462516E-15));
#4512=CARTESIAN_POINT('',(2.95,-3.1,5.3));
#4513=CARTESIAN_POINT('',(2.95,-3.6,-1.11022302462516E-15));
#4514=CARTESIAN_POINT('',(2.95,0.0974539999999988,-1.11022302462516E-15));
#4515=CARTESIAN_POINT('',(2.95,-3.6,5.));
#4516=CARTESIAN_POINT('',(2.95,-1.8,3.22));
#4517=CARTESIAN_POINT('',(2.95,-1.8,5.3));
#4518=CARTESIAN_POINT('',(2.95,-2.12298136645963,5.3));
#4519=CARTESIAN_POINT('Origin',(2.95,-3.1,0.899999999999999));
#4520=CARTESIAN_POINT('',(2.25,-2.5,0.899999999999999));
#4521=CARTESIAN_POINT('',(2.25,-2.5,-1.11022302462516E-15));
#4522=CARTESIAN_POINT('',(2.25,-2.5,0.899999999999999));
#4523=CARTESIAN_POINT('',(2.652908,-2.84534971428571,-1.11022302462516E-15));
#4524=CARTESIAN_POINT('',(2.652908,-2.84534971428571,0.899999999999999));
#4525=CARTESIAN_POINT('Origin',(0.38,-1.8,3.22));
#4526=CARTESIAN_POINT('',(-0.25,-1.8,3.22));
#4527=CARTESIAN_POINT('',(-0.379999999999999,-1.8,3.22));
#4528=CARTESIAN_POINT('',(8.652908,-1.8,3.22));
#4529=CARTESIAN_POINT('',(-0.25,-1.79718414188617,3.22));
#4530=CARTESIAN_POINT('',(-0.25,0.0974539999999988,3.22));
#4531=CARTESIAN_POINT('',(0.25,-1.79718414188617,3.22));
#4532=CARTESIAN_POINT('',(0.,-1.79718414188617,3.22));
#4533=CARTESIAN_POINT('',(0.25,-1.8,3.22));
#4534=CARTESIAN_POINT('',(0.25,0.0974539999999988,3.22));
#4535=CARTESIAN_POINT('',(0.38,-1.8,3.22));
#4536=CARTESIAN_POINT('',(8.652908,-1.8,3.22));
#4537=CARTESIAN_POINT('',(0.38,-1.4,3.22));
#4538=CARTESIAN_POINT('',(0.38,-1.8,3.22));
#4539=CARTESIAN_POINT('',(-0.379999999999999,-1.4,3.22));
#4540=CARTESIAN_POINT('',(-0.379999999999999,-1.4,3.22));
#4541=CARTESIAN_POINT('',(-0.379999999999999,-1.8,3.22));
#4542=CARTESIAN_POINT('Origin',(2.38,-1.8,3.98));
#4543=CARTESIAN_POINT('',(2.38,-1.8,3.22));
#4544=CARTESIAN_POINT('',(2.38,-1.8,3.98));
#4545=CARTESIAN_POINT('',(2.38,-1.8,5.3));
#4546=CARTESIAN_POINT('',(2.38,-1.4,3.98));
#4547=CARTESIAN_POINT('',(2.38,-1.8,3.98));
#4548=CARTESIAN_POINT('',(2.38,-1.4,3.22));
#4549=CARTESIAN_POINT('',(2.38,-1.4,3.22));
#4550=CARTESIAN_POINT('',(2.38,-1.8,3.22));
#4551=CARTESIAN_POINT('Origin',(-2.95,-1.43975155279503,0.9));
#4552=CARTESIAN_POINT('',(-1.75,-2.5,0.9));
#4553=CARTESIAN_POINT('',(-1.25,-3.1,0.9));
#4554=CARTESIAN_POINT('',(-3.914545,0.0974539999999991,0.9));
#4555=CARTESIAN_POINT('',(-0.75,-3.1,0.9));
#4556=CARTESIAN_POINT('',(-2.95,-3.1,0.9));
#4557=CARTESIAN_POINT('',(-0.25,-2.5,0.9));
#4558=CARTESIAN_POINT('',(1.914545,0.0974539999999991,0.899999999999999));
#4559=CARTESIAN_POINT('',(-0.25,-2.4,0.9));
#4560=CARTESIAN_POINT('',(-0.25,0.0974539999999991,0.9));
#4561=CARTESIAN_POINT('',(-0.25,-1.85,0.9));
#4562=CARTESIAN_POINT('',(-0.25,0.0974539999999988,0.9));
#4563=CARTESIAN_POINT('',(-0.25,-1.43975155279503,0.9));
#4564=CARTESIAN_POINT('',(-0.25,0.0974539999999991,0.9));
#4565=CARTESIAN_POINT('',(-1.75,-1.43975155279503,0.9));
#4566=CARTESIAN_POINT('',(-2.652908,-1.43975155279503,0.9));
#4567=CARTESIAN_POINT('',(-1.75,-1.85,0.9));
#4568=CARTESIAN_POINT('',(-1.75,0.0974539999999991,0.9));
#4569=CARTESIAN_POINT('',(-1.75,-2.4,0.9));
#4570=CARTESIAN_POINT('',(-1.75,0.0974539999999988,0.9));
#4571=CARTESIAN_POINT('',(-1.75,0.0974539999999991,0.9));
#4572=CARTESIAN_POINT('Origin',(-2.4,3.6,0.4));
#4573=CARTESIAN_POINT('',(-3.3,3.6,0.4));
#4574=CARTESIAN_POINT('',(-3.3,-0.700000000000001,0.4));
#4575=CARTESIAN_POINT('',(-3.3,0.0974539999999988,0.4));
#4576=CARTESIAN_POINT('',(-2.4,-0.700000000000001,0.4));
#4577=CARTESIAN_POINT('',(8.652908,-0.700000000000001,0.399999999999999));
#4578=CARTESIAN_POINT('',(-2.4,3.6,0.4));
#4579=CARTESIAN_POINT('',(-2.4,0.0974539999999988,0.4));
#4580=CARTESIAN_POINT('',(6.652908,3.6,0.399999999999999));
#4581=CARTESIAN_POINT('Origin',(-2.38,-1.8,3.98));
#4582=CARTESIAN_POINT('',(-2.38,-1.8,3.22));
#4583=CARTESIAN_POINT('',(-2.38,-1.4,3.22));
#4584=CARTESIAN_POINT('',(-2.38,-1.8,3.22));
#4585=CARTESIAN_POINT('',(-2.38,-1.4,3.22));
#4586=CARTESIAN_POINT('',(-2.38,-1.8,5.3));
#4587=CARTESIAN_POINT('Origin',(-2.25,-2.5,0.9));
#4588=CARTESIAN_POINT('',(-2.25,-2.4,0.9));
#4589=CARTESIAN_POINT('',(-2.25,-2.4,0.));
#4590=CARTESIAN_POINT('',(-2.25,-2.4,5.3));
#4591=CARTESIAN_POINT('',(-2.25,-2.5,0.9));
#4592=CARTESIAN_POINT('',(-2.25,0.0974539999999991,0.9));
#4593=CARTESIAN_POINT('',(-2.25,-2.5,0.));
#4594=CARTESIAN_POINT('',(-2.25,-2.5,0.9));
#4595=CARTESIAN_POINT('',(-2.25,0.0974539999999992,0.));
#4596=CARTESIAN_POINT('Origin',(-3.6037001488467,2.,2.31838341765371));
#4597=CARTESIAN_POINT('',(-3.3,2.,1.7));
#4598=CARTESIAN_POINT('',(-3.3,2.,2.8));
#4599=CARTESIAN_POINT('',(-3.3,2.,5.3));
#4600=CARTESIAN_POINT('',(-4.,2.,2.8));
#4601=CARTESIAN_POINT('',(-2.652908,2.,2.8));
#4602=CARTESIAN_POINT('',(-4.,2.,1.7));
#4603=CARTESIAN_POINT('',(-4.,2.,5.3));
#4604=CARTESIAN_POINT('',(-2.652908,2.,1.7));
#4605=CARTESIAN_POINT('Origin',(1.75,-1.43975155279503,0.899999999999999));
#4606=CARTESIAN_POINT('',(1.75,-1.85,0.));
#4607=CARTESIAN_POINT('',(1.75,-1.85,0.899999999999999));
#4608=CARTESIAN_POINT('',(1.75,-1.85,5.3));
#4609=CARTESIAN_POINT('',(1.75,0.0974539999999988,0.));
#4610=CARTESIAN_POINT('',(1.75,0.0974539999999988,0.899999999999999));
#4611=CARTESIAN_POINT('Origin',(-1.75,-2.5,0.9));
#4612=CARTESIAN_POINT('',(-1.75,-2.5,0.));
#4613=CARTESIAN_POINT('',(-1.75,-2.5,0.9));
#4614=CARTESIAN_POINT('',(-1.25,-3.1,0.));
#4615=CARTESIAN_POINT('',(-3.914545,0.0974539999999992,0.));
#4616=CARTESIAN_POINT('',(-1.25,-3.1,5.3));
#4617=CARTESIAN_POINT('Origin',(-0.25,0.75,3.35));
#4618=CARTESIAN_POINT('',(-0.25,0.199999999999999,3.35));
#4619=CARTESIAN_POINT('',(0.25,0.199999999999999,3.35));
#4620=CARTESIAN_POINT('',(6.652908,0.199999999999999,3.35));
#4621=CARTESIAN_POINT('',(-0.25,2.9,3.35));
#4622=CARTESIAN_POINT('',(-0.25,0.149999999999999,3.35));
#4623=CARTESIAN_POINT('',(0.25,2.9,3.35));
#4624=CARTESIAN_POINT('',(-0.66665234451327,2.9,3.35));
#4625=CARTESIAN_POINT('',(0.25,0.199999999999999,3.35));
#4626=CARTESIAN_POINT('Origin',(0.25,-2.5,0.899999999999999));
#4627=CARTESIAN_POINT('',(0.249999999999999,-1.43975155279503,0.));
#4628=CARTESIAN_POINT('',(0.25,-1.43975155279503,0.899999999999999));
#4629=CARTESIAN_POINT('',(0.25,-1.43975155279503,5.3));
#4630=CARTESIAN_POINT('',(0.249999999999999,-1.85,0.));
#4631=CARTESIAN_POINT('',(0.249999999999999,0.0974539999999988,0.));
#4632=CARTESIAN_POINT('',(0.25,-1.85,0.899999999999999));
#4633=CARTESIAN_POINT('',(0.25,-1.85,5.3));
#4634=CARTESIAN_POINT('',(0.25,0.0974539999999988,0.899999999999999));
#4635=CARTESIAN_POINT('Origin',(-4.,-3.6,5.5000024));
#4636=CARTESIAN_POINT('',(-4.,3.6,0.));
#4637=CARTESIAN_POINT('',(-4.,-3.6,0.));
#4638=CARTESIAN_POINT('',(-4.,0.0974539999999988,0.));
#4639=CARTESIAN_POINT('',(-4.,-3.6,1.7));
#4640=CARTESIAN_POINT('',(-4.,-3.6,5.3));
#4641=CARTESIAN_POINT('',(-4.,0.0974539999999988,1.7));
#4642=CARTESIAN_POINT('',(-4.,-3.6,2.8));
#4643=CARTESIAN_POINT('',(-4.,0.0974539999999988,2.8));
#4644=CARTESIAN_POINT('',(-4.,-3.6,3.68));
#4645=CARTESIAN_POINT('',(-4.,-3.6,5.3));
#4646=CARTESIAN_POINT('',(-4.,-3.3,3.98));
#4647=CARTESIAN_POINT('Origin',(-4.,-3.3,3.68));
#4648=CARTESIAN_POINT('',(-4.,-1.8,3.98));
#4649=CARTESIAN_POINT('',(-4.,0.0974539999999988,3.98));
#4650=CARTESIAN_POINT('',(-4.,-1.8,4.4));
#4651=CARTESIAN_POINT('',(-4.,-1.8,5.3));
#4652=CARTESIAN_POINT('',(-4.,-0.3,5.));
#4653=CARTESIAN_POINT('',(-4.,0.0974539999999988,5.1589816));
#4654=CARTESIAN_POINT('',(-4.,3.6,5.));
#4655=CARTESIAN_POINT('',(-4.,0.0974539999999988,5.));
#4656=CARTESIAN_POINT('',(-4.,3.6,5.3));
#4657=CARTESIAN_POINT('Origin',(1.75,0.149999999999999,3.85));
#4658=CARTESIAN_POINT('',(2.25,0.199999999999999,3.85));
#4659=CARTESIAN_POINT('',(1.75,0.199999999999999,3.85));
#4660=CARTESIAN_POINT('',(6.652908,0.199999999999999,3.85));
#4661=CARTESIAN_POINT('',(2.25,2.9,3.85));
#4662=CARTESIAN_POINT('',(2.25,0.099999999999999,3.85));
#4663=CARTESIAN_POINT('',(1.75,2.9,3.85));
#4664=CARTESIAN_POINT('',(1.33334765548673,2.9,3.85));
#4665=CARTESIAN_POINT('',(1.75,0.9,3.85));
#4666=CARTESIAN_POINT('Origin',(2.15,3.6,0.7));
#4667=CARTESIAN_POINT('',(1.85,-0.700000000000001,0.7));
#4668=CARTESIAN_POINT('',(2.15,-0.700000000000001,0.7));
#4669=CARTESIAN_POINT('',(2.652908,-0.700000000000001,0.7));
#4670=CARTESIAN_POINT('',(2.15,3.6,0.7));
#4671=CARTESIAN_POINT('',(2.15,0.0974539999999988,0.7));
#4672=CARTESIAN_POINT('',(1.85,3.6,0.7));
#4673=CARTESIAN_POINT('',(6.652908,3.6,0.7));
#4674=CARTESIAN_POINT('',(1.85,0.0974539999999988,0.7));
#4675=CARTESIAN_POINT('Origin',(2.4,3.6,0.399999999999999));
#4676=CARTESIAN_POINT('',(2.4,-0.700000000000001,0.399999999999999));
#4677=CARTESIAN_POINT('',(-1.68333333333337,-0.700000000000001,5.3));
#4678=CARTESIAN_POINT('',(2.4,3.6,0.399999999999999));
#4679=CARTESIAN_POINT('',(2.4,0.0974539999999988,0.399999999999999));
#4680=CARTESIAN_POINT('',(-1.68333333333337,3.6,5.3));
#4681=CARTESIAN_POINT('Origin',(-2.95,-3.1,5.5000024));
#4682=CARTESIAN_POINT('',(-2.95,-1.8,3.22));
#4683=CARTESIAN_POINT('',(-2.95,-1.43975155279503,0.9));
#4684=CARTESIAN_POINT('',(-2.95,-2.12298136645963,5.3));
#4685=CARTESIAN_POINT('',(-2.95,-1.8,3.98));
#4686=CARTESIAN_POINT('',(-2.95,-1.8,5.3));
#4687=CARTESIAN_POINT('',(-2.95,-3.3,3.98));
#4688=CARTESIAN_POINT('',(-2.95,0.0974539999999987,3.98));
#4689=CARTESIAN_POINT('',(-2.95,-3.6,3.68));
#4690=CARTESIAN_POINT('Origin',(-2.95,-3.3,3.68));
#4691=CARTESIAN_POINT('',(-2.95,-3.6,0.));
#4692=CARTESIAN_POINT('',(-2.95,-3.6,5.));
#4693=CARTESIAN_POINT('',(-2.95,-3.1,0.));
#4694=CARTESIAN_POINT('',(-2.95,0.0974539999999992,0.));
#4695=CARTESIAN_POINT('',(-2.95,-3.1,0.9));
#4696=CARTESIAN_POINT('',(-2.95,-3.1,5.3));
#4697=CARTESIAN_POINT('',(-2.95,0.0974539999999991,0.9));
#4698=CARTESIAN_POINT('Origin',(0.399999999999999,3.6,0.399999999999999));
#4699=CARTESIAN_POINT('',(0.399999999999999,3.6,0.399999999999999));
#4700=CARTESIAN_POINT('',(1.6,3.6,0.399999999999999));
#4701=CARTESIAN_POINT('',(6.652908,3.6,0.399999999999999));
#4702=CARTESIAN_POINT('',(0.399999999999999,-0.700000000000001,0.399999999999999));
#4703=CARTESIAN_POINT('',(0.399999999999999,0.0974539999999988,0.399999999999999));
#4704=CARTESIAN_POINT('',(1.6,-0.700000000000001,0.399999999999999));
#4705=CARTESIAN_POINT('',(-8.652908,-0.700000000000001,0.4));
#4706=CARTESIAN_POINT('',(1.6,0.0974539999999988,0.399999999999999));
#4707=CARTESIAN_POINT('Origin',(4.2,-2.3,1.7));
#4708=CARTESIAN_POINT('',(3.3,-0.700000000000001,1.7));
#4709=CARTESIAN_POINT('',(3.3,-3.6,1.7));
#4710=CARTESIAN_POINT('',(3.3,0.0974539999999988,1.7));
#4711=CARTESIAN_POINT('',(2.652908,-3.6,1.7));
#4712=CARTESIAN_POINT('',(3.3,2.,1.7));
#4713=CARTESIAN_POINT('',(2.652908,2.,1.7));
#4714=CARTESIAN_POINT('',(3.3,0.0974539999999988,1.7));
#4715=CARTESIAN_POINT('Origin',(2.95,-3.6,5.));
#4716=CARTESIAN_POINT('',(3.3,-3.6,2.8));
#4717=CARTESIAN_POINT('',(3.3,-3.6,5.3));
#4718=CARTESIAN_POINT('',(2.652908,-3.6,2.8));
#4719=CARTESIAN_POINT('',(2.652908,-3.6,-1.11022302462516E-15));
#4720=CARTESIAN_POINT('Origin',(3.60370014884674,2.,2.31838341765371));
#4721=CARTESIAN_POINT('',(3.3,2.,2.8));
#4722=CARTESIAN_POINT('',(2.652908,2.,2.8));
#4723=CARTESIAN_POINT('',(3.3,2.,5.3));
#4724=CARTESIAN_POINT('Origin',(0.38,-1.8,3.98));
#4725=CARTESIAN_POINT('',(0.38,-1.8,3.98));
#4726=CARTESIAN_POINT('',(0.38,-1.8,5.3));
#4727=CARTESIAN_POINT('',(0.38,-1.4,3.98));
#4728=CARTESIAN_POINT('',(0.38,-1.8,3.98));
#4729=CARTESIAN_POINT('',(0.38,-1.4,3.22));
#4730=CARTESIAN_POINT('Origin',(2.,-1.55,3.05));
#4731=CARTESIAN_POINT('',(2.25,-1.79718414188617,3.22));
#4732=CARTESIAN_POINT('',(1.75,-1.79718414188617,3.22));
#4733=CARTESIAN_POINT('',(2.,-1.79718414188617,3.22));
#4734=CARTESIAN_POINT('',(1.75,-1.55,3.35));
#4735=CARTESIAN_POINT('Origin',(1.75,-1.55,3.05));
#4736=CARTESIAN_POINT('',(2.25,-1.55,3.35));
#4737=CARTESIAN_POINT('',(2.,-1.55,3.35));
#4738=CARTESIAN_POINT('Origin',(2.25,-1.55,3.05));
#4739=CARTESIAN_POINT('Origin',(2.,-1.6,3.05));
#4740=CARTESIAN_POINT('',(1.75,-2.4,3.05));
#4741=CARTESIAN_POINT('',(2.25,-2.4,3.05));
#4742=CARTESIAN_POINT('',(2.,-2.4,3.05));
#4743=CARTESIAN_POINT('',(2.25,-1.6,3.85));
#4744=CARTESIAN_POINT('Origin',(2.25,-1.6,3.05));
#4745=CARTESIAN_POINT('',(1.75,-1.6,3.85));
#4746=CARTESIAN_POINT('',(2.,-1.6,3.85));
#4747=CARTESIAN_POINT('Origin',(1.75,-1.6,3.05));
#4748=CARTESIAN_POINT('Origin',(-1.62,-1.8,3.22));
#4749=CARTESIAN_POINT('',(-1.62,-1.4,3.22));
#4750=CARTESIAN_POINT('',(-1.62,-1.4,3.98));
#4751=CARTESIAN_POINT('',(-1.62,-1.8,3.22));
#4752=CARTESIAN_POINT('',(-1.62,-1.8,3.22));
#4753=CARTESIAN_POINT('',(-1.62,-1.8,5.3));
#4754=CARTESIAN_POINT('Origin',(-2.652908,-3.3,3.68));
#4755=CARTESIAN_POINT('',(-2.652908,-3.3,3.98));
#4756=CARTESIAN_POINT('',(-2.652908,-3.6,3.68));
#4757=CARTESIAN_POINT('Origin',(1.55,1.4,5.));
#4758=CARTESIAN_POINT('',(1.55,1.4,5.));
#4759=CARTESIAN_POINT('',(1.55,1.4,4.6));
#4760=CARTESIAN_POINT('',(1.55,1.4,5.3));
#4761=CARTESIAN_POINT('',(2.95,1.4,5.));
#4762=CARTESIAN_POINT('',(2.652908,1.4,5.));
#4763=CARTESIAN_POINT('',(2.95,1.4,4.6));
#4764=CARTESIAN_POINT('',(2.95,1.4,5.3));
#4765=CARTESIAN_POINT('',(6.652908,1.4,4.6));
#4766=CARTESIAN_POINT('Origin',(0.53736357497234,0.199999999999999,4.2162481111207));
#4767=CARTESIAN_POINT('',(1.55,0.199999999999999,5.));
#4768=CARTESIAN_POINT('',(-1.55,0.199999999999999,5.));
#4769=CARTESIAN_POINT('',(-0.7,0.199999999999999,5.));
#4770=CARTESIAN_POINT('',(1.55,0.199999999999999,4.6));
#4771=CARTESIAN_POINT('',(1.55,0.199999999999999,5.3));
#4772=CARTESIAN_POINT('',(3.3,0.199999999999999,4.6));
#4773=CARTESIAN_POINT('',(3.3,0.199999999999999,4.6));
#4774=CARTESIAN_POINT('',(3.3,0.199999999999999,2.8));
#4775=CARTESIAN_POINT('',(3.3,0.199999999999999,5.3));
#4776=CARTESIAN_POINT('',(-3.3,0.199999999999999,2.8));
#4777=CARTESIAN_POINT('',(6.652908,0.199999999999999,2.8));
#4778=CARTESIAN_POINT('',(-3.3,0.199999999999999,4.6));
#4779=CARTESIAN_POINT('',(-3.3,0.199999999999999,5.3));
#4780=CARTESIAN_POINT('',(-1.55,0.199999999999999,4.6));
#4781=CARTESIAN_POINT('',(-3.3,0.199999999999999,4.6));
#4782=CARTESIAN_POINT('',(-1.55,0.199999999999999,5.3));
#4783=CARTESIAN_POINT('',(1.75,0.199999999999999,3.35));
#4784=CARTESIAN_POINT('',(1.75,0.199999999999999,5.3));
#4785=CARTESIAN_POINT('',(2.25,0.199999999999999,3.35));
#4786=CARTESIAN_POINT('',(6.652908,0.199999999999999,3.35));
#4787=CARTESIAN_POINT('',(2.25,0.199999999999999,5.3));
#4788=CARTESIAN_POINT('',(0.25,0.199999999999999,3.85));
#4789=CARTESIAN_POINT('',(0.25,0.199999999999999,5.3));
#4790=CARTESIAN_POINT('',(-0.25,0.199999999999999,3.85));
#4791=CARTESIAN_POINT('',(6.652908,0.199999999999999,3.85));
#4792=CARTESIAN_POINT('',(-0.25,0.199999999999999,5.3));
#4793=CARTESIAN_POINT('',(-1.75,0.199999999999999,3.85));
#4794=CARTESIAN_POINT('',(-2.25,0.199999999999999,3.85));
#4795=CARTESIAN_POINT('',(6.652908,0.199999999999999,3.85));
#4796=CARTESIAN_POINT('',(-2.25,0.199999999999999,3.35));
#4797=CARTESIAN_POINT('',(-2.25,0.199999999999999,5.3));
#4798=CARTESIAN_POINT('',(-1.75,0.199999999999999,3.35));
#4799=CARTESIAN_POINT('',(6.652908,0.199999999999999,3.35));
#4800=CARTESIAN_POINT('',(-1.75,0.199999999999999,5.3));
#4801=CARTESIAN_POINT('Origin',(-2.38,-1.8,3.22));
#4802=CARTESIAN_POINT('',(-1.62,-1.4,3.22));
#4803=CARTESIAN_POINT('',(-2.25,-1.8,3.22));
#4804=CARTESIAN_POINT('',(8.652908,-1.8,3.22));
#4805=CARTESIAN_POINT('',(-2.25,-1.79718414188617,3.22));
#4806=CARTESIAN_POINT('',(-2.25,0.0974539999999988,3.22));
#4807=CARTESIAN_POINT('',(-1.75,-1.79718414188617,3.22));
#4808=CARTESIAN_POINT('',(-2.,-1.79718414188617,3.22));
#4809=CARTESIAN_POINT('',(-1.75,-1.8,3.22));
#4810=CARTESIAN_POINT('',(-1.75,0.0974539999999988,3.22));
#4811=CARTESIAN_POINT('',(8.652908,-1.8,3.22));
#4812=CARTESIAN_POINT('Origin',(3.3,2.,2.8));
#4813=CARTESIAN_POINT('',(3.3,-0.700000000000001,2.8));
#4814=CARTESIAN_POINT('',(3.3,-2.3,2.8));
#4815=CARTESIAN_POINT('',(3.3,-0.700000000000001,5.3));
#4816=CARTESIAN_POINT('Origin',(-0.25,0.149999999999999,3.85));
#4817=CARTESIAN_POINT('',(-0.25,2.9,3.85));
#4818=CARTESIAN_POINT('',(-0.25,0.9,3.85));
#4819=CARTESIAN_POINT('',(-0.25,2.9,3.502503108794));
#4820=CARTESIAN_POINT('Origin',(2.95,-1.43975155279503,0.899999999999999));
#4821=CARTESIAN_POINT('',(1.75,-2.4,0.899999999999999));
#4822=CARTESIAN_POINT('',(1.75,-2.5,0.899999999999999));
#4823=CARTESIAN_POINT('',(1.75,0.0974539999999988,0.899999999999999));
#4824=CARTESIAN_POINT('',(1.75,0.0974539999999988,0.899999999999999));
#4825=CARTESIAN_POINT('',(2.652908,-1.43975155279503,0.899999999999999));
#4826=CARTESIAN_POINT('',(0.25,-2.4,0.899999999999999));
#4827=CARTESIAN_POINT('',(0.25,0.0974539999999988,0.899999999999999));
#4828=CARTESIAN_POINT('',(0.25,-2.5,0.899999999999999));
#4829=CARTESIAN_POINT('',(0.25,0.0974539999999988,0.899999999999999));
#4830=CARTESIAN_POINT('',(0.750000000000001,-3.1,0.899999999999999));
#4831=CARTESIAN_POINT('',(-1.914545,0.0974539999999988,0.9));
#4832=CARTESIAN_POINT('',(1.25,-3.1,0.899999999999999));
#4833=CARTESIAN_POINT('',(2.95,-3.1,0.899999999999999));
#4834=CARTESIAN_POINT('',(3.914545,0.0974539999999988,0.899999999999999));
#4835=CARTESIAN_POINT('Origin',(2.95,-1.43975155279503,0.899999999999999));
#4836=CARTESIAN_POINT('',(2.652908,-1.43975155279503,0.899999999999999));
#4837=CARTESIAN_POINT('',(2.25,-2.4,0.899999999999999));
#4838=CARTESIAN_POINT('',(2.25,0.0974539999999988,0.899999999999999));
#4839=CARTESIAN_POINT('',(2.25,0.0974539999999988,0.899999999999999));
#4840=CARTESIAN_POINT('Origin',(-1.75,-1.43975155279503,0.9));
#4841=CARTESIAN_POINT('',(-1.75,-2.4,0.));
#4842=CARTESIAN_POINT('',(-1.75,-2.4,5.3));
#4843=CARTESIAN_POINT('',(-1.75,0.0974539999999992,0.));
#4844=CARTESIAN_POINT('Origin',(2.95,1.4,5.));
#4845=CARTESIAN_POINT('',(2.95,3.6,5.));
#4846=CARTESIAN_POINT('',(2.95,3.6,4.6));
#4847=CARTESIAN_POINT('',(2.95,3.6,5.3));
#4848=CARTESIAN_POINT('',(2.95,0.0974539999999988,4.6));
#4849=CARTESIAN_POINT('',(2.95,0.0974539999999988,5.));
#4850=CARTESIAN_POINT('Origin',(-0.400000000000001,3.6,0.4));
#4851=CARTESIAN_POINT('',(-0.400000000000001,3.6,0.4));
#4852=CARTESIAN_POINT('',(6.652908,3.6,0.399999999999999));
#4853=CARTESIAN_POINT('',(-0.400000000000001,-0.700000000000001,0.4));
#4854=CARTESIAN_POINT('',(8.652908,-0.700000000000001,0.399999999999999));
#4855=CARTESIAN_POINT('',(-0.400000000000001,0.0974539999999988,0.4));
#4856=CARTESIAN_POINT('Origin',(-9.25,3.6,5.3));
#4857=CARTESIAN_POINT('',(-2.95,3.6,5.));
#4858=CARTESIAN_POINT('',(-2.652908,3.6,5.));
#4859=CARTESIAN_POINT('',(-2.95,3.6,4.6));
#4860=CARTESIAN_POINT('',(-2.95,3.6,5.3));
#4861=CARTESIAN_POINT('',(-3.3,3.6,4.6));
#4862=CARTESIAN_POINT('',(6.652908,3.6,4.6));
#4863=CARTESIAN_POINT('',(-3.3,3.6,5.3));
#4864=CARTESIAN_POINT('',(-2.15,3.6,0.700000000000001));
#4865=CARTESIAN_POINT('',(1.68333333333337,3.6,5.3));
#4866=CARTESIAN_POINT('',(6.652908,3.6,0.7));
#4867=CARTESIAN_POINT('',(-0.150000000000001,3.6,0.700000000000001));
#4868=CARTESIAN_POINT('',(3.68333333333337,3.6,5.3));
#4869=CARTESIAN_POINT('',(0.149999999999999,3.6,0.7));
#4870=CARTESIAN_POINT('',(6.652908,3.6,0.7));
#4871=CARTESIAN_POINT('',(-3.6833333333334,3.6,5.3));
#4872=CARTESIAN_POINT('',(5.68333333333331,3.6,5.3));
#4873=CARTESIAN_POINT('',(3.3,3.6,0.399999999999999));
#4874=CARTESIAN_POINT('',(6.652908,3.6,0.399999999999999));
#4875=CARTESIAN_POINT('',(3.3,3.6,4.6));
#4876=CARTESIAN_POINT('',(3.3,3.6,5.3));
#4877=CARTESIAN_POINT('',(6.652908,3.6,4.6));
#4878=CARTESIAN_POINT('',(2.652908,3.6,5.));
#4879=CARTESIAN_POINT('',(-8.652908,3.6,1.11022302462516E-15));
#4880=CARTESIAN_POINT('Origin',(-3.3,3.6,4.6));
#4881=CARTESIAN_POINT('',(-1.55,1.4,4.6));
#4882=CARTESIAN_POINT('',(-1.55,0.0974539999999988,4.6));
#4883=CARTESIAN_POINT('',(-3.3,0.0974539999999988,4.6));
#4884=CARTESIAN_POINT('',(-2.95,1.4,4.6));
#4885=CARTESIAN_POINT('',(-2.95,0.0974539999999986,4.6));
#4886=CARTESIAN_POINT('',(6.652908,1.4,4.6));
#4887=CARTESIAN_POINT('Origin',(-2.95,1.4,5.));
#4888=CARTESIAN_POINT('',(-2.95,1.4,5.));
#4889=CARTESIAN_POINT('',(-2.95,0.0974539999999986,5.));
#4890=CARTESIAN_POINT('',(-2.95,1.4,5.3));
#4891=CARTESIAN_POINT('Origin',(2.25,0.9,3.85));
#4892=CARTESIAN_POINT('',(2.25,-1.4,3.85));
#4893=CARTESIAN_POINT('',(2.25,0.099999999999999,3.85));
#4894=CARTESIAN_POINT('',(2.25,-2.4,-2.9));
#4895=CARTESIAN_POINT('',(2.25,-1.85,3.05));
#4896=CARTESIAN_POINT('',(2.25,-1.85,3.502503108794));
#4897=CARTESIAN_POINT('',(2.25,-1.79947512597844,3.21661981130118));
#4898=CARTESIAN_POINT('Origin',(2.25,-1.55,3.05));
#4899=CARTESIAN_POINT('',(2.25,-1.8,3.22));
#4900=CARTESIAN_POINT('',(2.25,-2.12298136645963,5.3));
#4901=CARTESIAN_POINT('',(2.25,0.0974539999999988,3.22));
#4902=CARTESIAN_POINT('',(2.25,-1.4,3.35));
#4903=CARTESIAN_POINT('',(2.25,0.199999999999999,3.35));
#4904=CARTESIAN_POINT('',(2.25,-1.4,5.3));
#4905=CARTESIAN_POINT('Origin',(-1.55,1.4,5.));
#4906=CARTESIAN_POINT('',(-1.55,1.4,5.));
#4907=CARTESIAN_POINT('',(-1.55,1.4,5.3));
#4908=CARTESIAN_POINT('',(-2.652908,1.4,5.));
#4909=CARTESIAN_POINT('Origin',(2.25,0.9,3.85));
#4910=CARTESIAN_POINT('',(2.25,-2.4,-1.11022302462516E-15));
#4911=CARTESIAN_POINT('',(2.25,0.0974539999999988,-1.11022302462516E-15));
#4912=CARTESIAN_POINT('',(2.25,-2.4,-2.5));
#4913=CARTESIAN_POINT('',(2.25,-2.4,-2.9));
#4914=CARTESIAN_POINT('',(2.25,-1.85,-2.5));
#4915=CARTESIAN_POINT('',(2.25,0.0999999999999997,-2.5));
#4916=CARTESIAN_POINT('',(2.25,-1.85,3.502503108794));
#4917=CARTESIAN_POINT('Origin',(1.33334765548673,3.3,3.502503108794));
#4918=CARTESIAN_POINT('',(1.85,3.3,3.45));
#4919=CARTESIAN_POINT('',(2.15,3.3,3.45));
#4920=CARTESIAN_POINT('',(1.33334765548673,3.3,3.45));
#4921=CARTESIAN_POINT('',(1.85,3.3,3.75));
#4922=CARTESIAN_POINT('',(1.85,3.3,3.502503108794));
#4923=CARTESIAN_POINT('',(2.15,3.3,3.75));
#4924=CARTESIAN_POINT('',(1.33334765548673,3.3,3.75));
#4925=CARTESIAN_POINT('',(2.15,3.3,3.502503108794));
#4926=CARTESIAN_POINT('Origin',(-0.379999999999999,-1.8,3.98));
#4927=CARTESIAN_POINT('',(-0.379999999999999,-1.4,3.98));
#4928=CARTESIAN_POINT('',(0.38,-1.4,3.98));
#4929=CARTESIAN_POINT('',(-0.379999999999999,-1.8,3.98));
#4930=CARTESIAN_POINT('',(-8.652908,-1.8,3.98));
#4931=CARTESIAN_POINT('',(-0.379999999999999,-1.8,3.98));
#4932=CARTESIAN_POINT('Origin',(1.75,0.149999999999999,3.85));
#4933=CARTESIAN_POINT('',(1.75,-2.4,0.));
#4934=CARTESIAN_POINT('',(1.75,0.0974539999999988,0.));
#4935=CARTESIAN_POINT('',(1.75,-1.85,3.502503108794));
#4936=CARTESIAN_POINT('',(1.75,-2.4,3.35));
#4937=CARTESIAN_POINT('Origin',(-2.25,-1.43975155279503,0.9));
#4938=CARTESIAN_POINT('',(-2.25,-1.43975155279503,0.9));
#4939=CARTESIAN_POINT('',(-2.652908,-1.43975155279503,0.9));
#4940=CARTESIAN_POINT('',(-2.25,-1.43975155279503,0.));
#4941=CARTESIAN_POINT('',(-2.25,-1.43975155279503,0.9));
#4942=CARTESIAN_POINT('',(-1.75,-1.43975155279503,0.));
#4943=CARTESIAN_POINT('',(-2.652908,-1.43975155279503,0.));
#4944=CARTESIAN_POINT('',(-1.75,-1.43975155279503,0.9));
#4945=CARTESIAN_POINT('Origin',(-2.25,-2.5,0.9));
#4946=CARTESIAN_POINT('',(-2.25,-1.85,0.9));
#4947=CARTESIAN_POINT('',(-2.25,0.0974539999999991,0.9));
#4948=CARTESIAN_POINT('',(-2.25,-1.85,0.));
#4949=CARTESIAN_POINT('',(-2.25,-1.85,5.3));
#4950=CARTESIAN_POINT('',(-2.25,0.0974539999999992,0.));
#4951=CARTESIAN_POINT('Origin',(-2.95,-3.1,0.9));
#4952=CARTESIAN_POINT('',(-2.652908,-2.84534971428571,0.9));
#4953=CARTESIAN_POINT('',(-2.652908,-2.84534971428571,0.));
#4954=CARTESIAN_POINT('Origin',(-2.95,-1.43975155279503,0.9));
#4955=CARTESIAN_POINT('',(-2.25,0.0974539999999988,0.9));
#4956=CARTESIAN_POINT('',(-2.652908,-1.43975155279503,0.9));
#4957=CARTESIAN_POINT('Origin',(2.01814428809432,-1.85,3.66583268381049));
#4958=CARTESIAN_POINT('',(1.33334765548673,-1.85,-2.5));
#4959=CARTESIAN_POINT('',(1.75,-1.85,3.05));
#4960=CARTESIAN_POINT('',(1.75,-1.85,3.502503108794));
#4961=CARTESIAN_POINT('',(2.,-1.85,3.05));
#4962=CARTESIAN_POINT('Origin',(-2.25,0.149999999999999,3.85));
#4963=CARTESIAN_POINT('',(-1.75,2.9,3.85));
#4964=CARTESIAN_POINT('',(-1.75,0.099999999999999,3.85));
#4965=CARTESIAN_POINT('',(-2.25,2.9,3.85));
#4966=CARTESIAN_POINT('',(-2.66665234451327,2.9,3.85));
#4967=CARTESIAN_POINT('',(-2.25,0.9,3.85));
#4968=CARTESIAN_POINT('Origin',(-0.682087273246489,-1.4,3.88146243392131));
#4969=CARTESIAN_POINT('',(-1.75,-1.4,3.35));
#4970=CARTESIAN_POINT('',(-1.75,-1.4,3.85));
#4971=CARTESIAN_POINT('',(-1.75,-1.4,5.3));
#4972=CARTESIAN_POINT('',(-2.25,-1.4,3.35));
#4973=CARTESIAN_POINT('',(6.652908,-1.4,3.35));
#4974=CARTESIAN_POINT('',(-2.25,-1.4,3.85));
#4975=CARTESIAN_POINT('',(-2.25,-1.4,5.3));
#4976=CARTESIAN_POINT('',(6.652908,-1.4,3.85));
#4977=CARTESIAN_POINT('Origin',(-0.379999999999999,-1.8,3.98));
#4978=CARTESIAN_POINT('',(-0.379999999999999,-1.4,3.22));
#4979=CARTESIAN_POINT('',(-0.379999999999999,-1.8,5.3));
#4980=CARTESIAN_POINT('Origin',(-0.75,-3.1,0.9));
#4981=CARTESIAN_POINT('',(-0.750000000000001,-3.1,0.));
#4982=CARTESIAN_POINT('',(-0.75,-3.1,5.3));
#4983=CARTESIAN_POINT('',(-0.250000000000001,-2.5,0.));
#4984=CARTESIAN_POINT('',(1.914545,0.0974539999999992,0.));
#4985=CARTESIAN_POINT('',(-0.25,-2.5,5.3));
#4986=CARTESIAN_POINT('Origin',(0.817940992439631,-1.8,2.63995230704343));
#4987=CARTESIAN_POINT('',(1.62,-1.8,3.22));
#4988=CARTESIAN_POINT('',(2.652908,-1.8,3.22));
#4989=CARTESIAN_POINT('',(1.62,-1.8,3.98));
#4990=CARTESIAN_POINT('',(1.62,-1.8,5.3));
#4991=CARTESIAN_POINT('',(-8.652908,-1.8,3.98));
#4992=CARTESIAN_POINT('',(2.652908,-1.8,3.22));
#4993=CARTESIAN_POINT('',(-8.652908,-1.8,4.4));
#4994=CARTESIAN_POINT('',(3.7200024,-1.8,3.98));
#4995=CARTESIAN_POINT('',(-2.652908,-1.8,3.22));
#4996=CARTESIAN_POINT('',(-2.652908,-1.8,3.22));
#4997=CARTESIAN_POINT('Origin',(0.682087273246491,-1.4,3.88146243392131));
#4998=CARTESIAN_POINT('',(1.62,-1.4,3.98));
#4999=CARTESIAN_POINT('',(2.38,-1.4,3.98));
#5000=CARTESIAN_POINT('',(1.62,-1.4,3.22));
#5001=CARTESIAN_POINT('',(1.62,-1.4,3.98));
#5002=CARTESIAN_POINT('',(1.62,-1.4,3.22));
#5003=CARTESIAN_POINT('',(1.75,-1.4,3.35));
#5004=CARTESIAN_POINT('',(6.652908,-1.4,3.35));
#5005=CARTESIAN_POINT('',(1.75,-1.4,3.85));
#5006=CARTESIAN_POINT('',(1.75,-1.4,5.3));
#5007=CARTESIAN_POINT('',(6.652908,-1.4,3.85));
#5008=CARTESIAN_POINT('Origin',(0.25,0.9,3.85));
#5009=CARTESIAN_POINT('',(0.25,2.9,3.85));
#5010=CARTESIAN_POINT('',(0.25,2.9,3.502503108794));
#5011=CARTESIAN_POINT('',(0.25,0.099999999999999,3.85));
#5012=CARTESIAN_POINT('Origin',(1.95,3.1,3.8));
#5013=CARTESIAN_POINT('',(1.075,0.199999999999999,4.525));
#5014=CARTESIAN_POINT('',(2.925,0.199999999999999,4.525));
#5015=CARTESIAN_POINT('Origin',(-1.75,-1.43975155279503,0.9));
#5016=CARTESIAN_POINT('',(-1.75,-1.85,0.));
#5017=CARTESIAN_POINT('',(-1.75,-1.85,5.3));
#5018=CARTESIAN_POINT('',(-1.75,0.0974539999999992,0.));
#5019=CARTESIAN_POINT('Origin',(0.682087273246491,-1.4,3.88146243392131));
#5020=CARTESIAN_POINT('',(0.25,-1.4,3.85));
#5021=CARTESIAN_POINT('',(0.25,-1.4,3.35));
#5022=CARTESIAN_POINT('',(0.25,-1.4,5.3));
#5023=CARTESIAN_POINT('',(-0.25,-1.4,3.35));
#5024=CARTESIAN_POINT('',(6.652908,-1.4,3.35));
#5025=CARTESIAN_POINT('',(-0.25,-1.4,3.85));
#5026=CARTESIAN_POINT('',(-0.25,-1.4,5.3));
#5027=CARTESIAN_POINT('',(6.652908,-1.4,3.85));
#5028=CARTESIAN_POINT('Origin',(2.,-2.35,-2.7));
#5029=CARTESIAN_POINT('',(1.33334765548673,-2.4,-2.5));
#5030=CARTESIAN_POINT('',(2.15,-2.3,-2.9));
#5031=CARTESIAN_POINT('',(1.33334765548673,-2.3,-2.9));
#5032=CARTESIAN_POINT('',(3.75062577719849,-3.9006257771985,3.502503108794));
#5033=CARTESIAN_POINT('Origin',(0.2,3.1,3.6));
#5034=CARTESIAN_POINT('',(0.15,3.3,3.45));
#5035=CARTESIAN_POINT('',(0.15,3.3,3.75));
#5036=CARTESIAN_POINT('',(0.15,3.3,3.502503108794));
#5037=CARTESIAN_POINT('',(0.925,0.199999999999999,4.525));
#5038=CARTESIAN_POINT('',(0.925,0.199999999999999,2.675));
#5039=CARTESIAN_POINT('Origin',(0.25,-2.5,0.899999999999999));
#5040=CARTESIAN_POINT('',(0.249999999999999,-2.4,0.));
#5041=CARTESIAN_POINT('',(0.25,-2.4,5.3));
#5042=CARTESIAN_POINT('',(0.249999999999999,-2.5,0.));
#5043=CARTESIAN_POINT('',(0.249999999999999,0.0974539999999988,0.));
#5044=CARTESIAN_POINT('',(0.25,-2.5,5.3));
#5045=CARTESIAN_POINT('Origin',(-0.25,-2.5,0.9));
#5046=CARTESIAN_POINT('',(-0.250000000000001,-2.4,0.));
#5047=CARTESIAN_POINT('',(-0.25,-2.4,5.3));
#5048=CARTESIAN_POINT('',(-0.250000000000001,0.0974539999999992,0.));
#5049=CARTESIAN_POINT('Origin',(2.01814428809432,-2.4,3.66583268381049));
#5050=CARTESIAN_POINT('',(2.25,-2.4,5.3));
#5051=CARTESIAN_POINT('',(1.75,-2.4,3.35));
#5052=CARTESIAN_POINT('',(1.75,-2.4,5.3));
#5053=CARTESIAN_POINT('Origin',(-2.95,-3.1,0.9));
#5054=CARTESIAN_POINT('',(-2.95,-3.1,0.));
#5055=CARTESIAN_POINT('Origin',(3.3,2.92485581652307,1.74099387711618));
#5056=CARTESIAN_POINT('',(3.3,-0.700000000000001,0.399999999999999));
#5057=CARTESIAN_POINT('',(3.3,0.0974539999999988,0.399999999999999));
#5058=CARTESIAN_POINT('',(3.3,-0.700000000000001,1.6));
#5059=CARTESIAN_POINT('',(3.3,0.0974539999999988,2.8));
#5060=CARTESIAN_POINT('',(3.3,0.0974539999999988,4.6));
#5061=CARTESIAN_POINT('Origin',(-0.25,0.149999999999999,3.85));
#5062=CARTESIAN_POINT('',(-0.66665234451327,2.9,3.85));
#5063=CARTESIAN_POINT('Origin',(-2.4,3.6,0.4));
#5064=CARTESIAN_POINT('',(-2.15,-0.700000000000001,0.700000000000001));
#5065=CARTESIAN_POINT('',(1.68333333333337,-0.700000000000001,5.3));
#5066=CARTESIAN_POINT('',(-2.15,0.0974539999999988,0.700000000000001));
#5067=CARTESIAN_POINT('Origin',(-2.15,3.6,0.700000000000001));
#5068=CARTESIAN_POINT('',(-2.652908,-0.700000000000001,0.700000000000001));
#5069=CARTESIAN_POINT('Origin',(0.149999999999999,3.6,0.7));
#5070=CARTESIAN_POINT('',(-0.150000000000001,-0.700000000000001,0.700000000000001));
#5071=CARTESIAN_POINT('',(0.149999999999999,-0.700000000000001,0.7));
#5072=CARTESIAN_POINT('',(2.652908,-0.700000000000001,0.7));
#5073=CARTESIAN_POINT('',(0.149999999999999,0.0974539999999988,0.7));
#5074=CARTESIAN_POINT('',(-0.150000000000001,0.0974539999999988,0.700000000000001));
#5075=CARTESIAN_POINT('Origin',(0.2799976,-0.300000000000001,5.));
#5076=CARTESIAN_POINT('',(-2.652908,-0.300000000000002,5.));
#5077=CARTESIAN_POINT('Origin',(0.399999999999999,3.6,0.399999999999999));
#5078=CARTESIAN_POINT('',(-3.6833333333334,-0.700000000000001,5.3));
#5079=CARTESIAN_POINT('Origin',(2.4,3.6,0.399999999999999));
#5080=CARTESIAN_POINT('',(-8.652908,-0.700000000000001,0.4));
#5081=CARTESIAN_POINT('Origin',(-3.3,2.92485581652307,1.74099387711618));
#5082=CARTESIAN_POINT('',(-3.3,0.0974539999999988,2.8));
#5083=CARTESIAN_POINT('',(-3.3,-0.700000000000001,1.7));
#5084=CARTESIAN_POINT('',(-3.3,0.097453999999999,1.7));
#5085=CARTESIAN_POINT('',(-3.3,-0.700000000000001,1.6));
#5086=CARTESIAN_POINT('Origin',(11.1000024,-0.700000000000001,1.7));
#5087=CARTESIAN_POINT('',(-3.3,-0.700000000000001,2.8));
#5088=CARTESIAN_POINT('',(8.652908,-0.700000000000001,2.8));
#5089=CARTESIAN_POINT('',(5.68333333333331,-0.700000000000001,5.3));
#5090=CARTESIAN_POINT('',(3.68333333333337,-0.700000000000001,5.3));
#5091=CARTESIAN_POINT('',(-3.3,-0.700000000000001,5.3));
#5092=CARTESIAN_POINT('Origin',(1.85,3.6,0.7));
#5093=CARTESIAN_POINT('Origin',(3.7200024,-1.8,3.98));
#5094=CARTESIAN_POINT('Origin',(1.75,0.75,3.35));
#5095=CARTESIAN_POINT('',(1.75,2.9,3.35));
#5096=CARTESIAN_POINT('',(1.75,0.149999999999999,3.35));
#5097=CARTESIAN_POINT('',(2.25,2.9,3.35));
#5098=CARTESIAN_POINT('',(1.33334765548673,2.9,3.35));
#5099=CARTESIAN_POINT('',(2.25,0.199999999999999,3.35));
#5100=CARTESIAN_POINT('Origin',(1.75,0.75,3.35));
#5101=CARTESIAN_POINT('',(1.75,0.149999999999999,3.35));
#5102=CARTESIAN_POINT('Origin',(1.75,0.149999999999999,3.85));
#5103=CARTESIAN_POINT('',(1.75,0.9,3.85));
#5104=CARTESIAN_POINT('',(1.75,-1.8,3.22));
#5105=CARTESIAN_POINT('',(1.75,0.0974539999999988,3.22));
#5106=CARTESIAN_POINT('',(1.75,-1.79947512597844,3.21661981130118));
#5107=CARTESIAN_POINT('',(1.75,-2.12298136645963,5.3));
#5108=CARTESIAN_POINT('Origin',(1.75,-1.55,3.05));
#5109=CARTESIAN_POINT('Origin',(-1.75,0.9,3.85));
#5110=CARTESIAN_POINT('',(-1.75,2.9,3.35));
#5111=CARTESIAN_POINT('',(-1.75,0.199999999999999,3.35));
#5112=CARTESIAN_POINT('',(-1.75,2.9,3.502503108794));
#5113=CARTESIAN_POINT('Origin',(-1.8,3.1,3.6));
#5114=CARTESIAN_POINT('',(-1.85,3.3,3.45));
#5115=CARTESIAN_POINT('',(-1.85,3.3,3.75));
#5116=CARTESIAN_POINT('',(-1.85,3.3,3.502503108794));
#5117=CARTESIAN_POINT('',(-1.075,0.199999999999999,4.525));
#5118=CARTESIAN_POINT('',(-1.075,0.199999999999999,2.675));
#5119=CARTESIAN_POINT('Origin',(2.25,-2.5,0.899999999999999));
#5120=CARTESIAN_POINT('',(2.25,0.0974539999999988,-1.11022302462516E-15));
#5121=CARTESIAN_POINT('Origin',(-0.25,-2.5,0.9));
#5122=CARTESIAN_POINT('',(-0.250000000000001,-1.85,0.));
#5123=CARTESIAN_POINT('',(-0.25,-1.85,5.3));
#5124=CARTESIAN_POINT('',(-0.250000000000001,-1.43975155279503,0.));
#5125=CARTESIAN_POINT('',(-0.250000000000001,0.0974539999999992,0.));
#5126=CARTESIAN_POINT('',(-0.25,-1.43975155279503,5.3));
#5127=CARTESIAN_POINT('Origin',(-4.6858355415535,0.856465651844753,5.));
#5128=CARTESIAN_POINT('',(-1.55,0.0974539999999986,5.));
#5129=CARTESIAN_POINT('',(1.55,0.0974539999999988,5.));
#5130=CARTESIAN_POINT('Origin',(1.75,0.149999999999999,3.85));
#5131=CARTESIAN_POINT('Origin',(3.3,3.6,4.6));
#5132=CARTESIAN_POINT('',(1.55,0.0974539999999988,4.6));
#5133=CARTESIAN_POINT('Origin',(1.55,0.199999999999999,4.6));
#5134=CARTESIAN_POINT('Origin',(-2.95,-3.6,5.));
#5135=CARTESIAN_POINT('',(-2.652908,-3.6,0.));
#5136=CARTESIAN_POINT('',(-3.3,-3.6,2.8));
#5137=CARTESIAN_POINT('',(-2.652908,-3.6,2.8));
#5138=CARTESIAN_POINT('',(-3.3,-3.6,1.7));
#5139=CARTESIAN_POINT('',(-3.3,-3.6,5.3));
#5140=CARTESIAN_POINT('',(-2.652908,-3.6,1.7));
#5141=CARTESIAN_POINT('Origin',(11.3,2.,2.8));
#5142=CARTESIAN_POINT('',(-3.3,-2.3,2.8));
#5143=CARTESIAN_POINT('Origin',(2.,-1.55,3.05));
#5144=CARTESIAN_POINT('',(2.,-1.79947512597844,3.21661981130118));
#5145=CARTESIAN_POINT('Origin',(-0.25,-1.43975155279503,0.9));
#5146=CARTESIAN_POINT('',(2.652908,-1.43975155279503,0.899999999999999));
#5147=CARTESIAN_POINT('',(2.652908,-1.43975155279503,-1.11022302462516E-15));
#5148=CARTESIAN_POINT('Origin',(-0.400000000000001,3.6,0.4));
#5149=CARTESIAN_POINT('Origin',(-3.3,2.,2.8));
#5150=CARTESIAN_POINT('',(-3.3,0.097453999999999,1.7));
#5151=CARTESIAN_POINT('Origin',(-4.2,-2.3,1.7));
#5152=CARTESIAN_POINT('Origin',(2.95,-3.1,0.899999999999999));
#5153=CARTESIAN_POINT('',(1.25,-3.1,0.));
#5154=CARTESIAN_POINT('',(1.25,-3.1,5.3));
#5155=CARTESIAN_POINT('',(0.75,-3.1,0.));
#5156=CARTESIAN_POINT('',(0.750000000000001,-3.1,5.3));
#5157=CARTESIAN_POINT('',(2.95,-3.1,-1.11022302462516E-15));
#5158=CARTESIAN_POINT('Origin',(1.62,-1.8,3.22));
#5159=CARTESIAN_POINT('',(1.62,-1.8,3.22));
#5160=CARTESIAN_POINT('',(1.62,-1.8,3.98));
#5161=CARTESIAN_POINT('Origin',(2.38,-1.8,3.22));
#5162=CARTESIAN_POINT('',(-8.652908,-1.8,3.22));
#5163=CARTESIAN_POINT('',(-8.652908,-1.8,3.22));
#5164=CARTESIAN_POINT('Origin',(1.62,-1.8,3.98));
#5165=CARTESIAN_POINT('Origin',(-6.8854764044964,0.227346266363552,0.));
#5166=CARTESIAN_POINT('',(1.75,-2.5,0.));
#5167=CARTESIAN_POINT('',(1.75,0.0974539999999988,0.));
#5168=CARTESIAN_POINT('',(3.914545,0.0974539999999988,-1.11022302462516E-15));
#5169=CARTESIAN_POINT('',(-1.914545,0.0974539999999988,0.));
#5170=CARTESIAN_POINT('',(0.249999999999999,0.0974539999999988,0.));
#5171=CARTESIAN_POINT('',(-0.250000000000001,0.0974539999999988,0.));
#5172=CARTESIAN_POINT('',(-1.75,0.0974539999999988,0.));
#5173=CARTESIAN_POINT('',(-2.25,0.0974539999999988,0.));
#5174=CARTESIAN_POINT('Origin',(-1.55,0.199999999999999,4.6));
#5175=CARTESIAN_POINT('Origin',(-2.25,0.149999999999999,3.85));
#5176=CARTESIAN_POINT('',(-2.25,2.9,3.35));
#5177=CARTESIAN_POINT('',(-2.25,2.9,3.502503108794));
#5178=CARTESIAN_POINT('',(-2.25,0.149999999999999,3.35));
#5179=CARTESIAN_POINT('Origin',(0.750000000000001,-3.1,0.899999999999999));
#5180=CARTESIAN_POINT('Origin',(1.75,-2.5,0.899999999999999));
#5181=CARTESIAN_POINT('',(1.75,-2.5,0.899999999999999));
#5182=CARTESIAN_POINT('Origin',(1.75,-1.43975155279503,0.899999999999999));
#5183=CARTESIAN_POINT('Origin',(-3.,-1.8,3.22));
#5184=CARTESIAN_POINT('',(0.25,-1.79947512597844,3.21661981130118));
#5185=CARTESIAN_POINT('',(0.25,-2.12298136645963,5.3));
#5186=CARTESIAN_POINT('',(-0.25,-1.79947512597844,3.21661981130118));
#5187=CARTESIAN_POINT('',(0.,-1.79947512597844,3.21661981130118));
#5188=CARTESIAN_POINT('',(-0.25,-2.12298136645963,5.3));
#5189=CARTESIAN_POINT('',(-1.75,-1.79947512597844,3.21661981130118));
#5190=CARTESIAN_POINT('',(-1.75,-2.12298136645963,5.3));
#5191=CARTESIAN_POINT('',(-2.25,-1.79947512597844,3.21661981130118));
#5192=CARTESIAN_POINT('',(-2.,-1.79947512597844,3.21661981130118));
#5193=CARTESIAN_POINT('',(-2.25,-2.12298136645963,5.3));
#5194=CARTESIAN_POINT('Origin',(0.0181442880943206,-2.4,3.66583268381049));
#5195=CARTESIAN_POINT('',(0.249999999999999,-2.4,-2.5));
#5196=CARTESIAN_POINT('',(-0.250000000000001,-2.4,-2.5));
#5197=CARTESIAN_POINT('',(-0.666652344513271,-2.4,-2.5));
#5198=CARTESIAN_POINT('',(0.249999999999999,-2.4,-2.9));
#5199=CARTESIAN_POINT('',(0.25,-2.4,3.05));
#5200=CARTESIAN_POINT('',(0.249999999999999,-2.4,-2.9));
#5201=CARTESIAN_POINT('',(-0.25,-2.4,3.05));
#5202=CARTESIAN_POINT('',(0.,-2.4,3.05));
#5203=CARTESIAN_POINT('',(-0.25,-2.4,3.35));
#5204=CARTESIAN_POINT('',(-0.25,-2.4,3.35));
#5205=CARTESIAN_POINT('Origin',(-0.25,0.149999999999999,3.85));
#5206=CARTESIAN_POINT('',(-0.25,-1.6,3.85));
#5207=CARTESIAN_POINT('',(-0.25,0.9,3.85));
#5208=CARTESIAN_POINT('',(-0.25,-1.55,3.35));
#5209=CARTESIAN_POINT('',(-0.25,0.149999999999999,3.35));
#5210=CARTESIAN_POINT('Origin',(-0.25,-1.55,3.05));
#5211=CARTESIAN_POINT('',(-0.25,-1.85,3.05));
#5212=CARTESIAN_POINT('Origin',(-0.25,-1.55,3.05));
#5213=CARTESIAN_POINT('',(-0.25,-1.85,3.502503108794));
#5214=CARTESIAN_POINT('Origin',(-0.25,-1.6,3.05));
#5215=CARTESIAN_POINT('Origin',(-0.25,0.75,3.35));
#5216=CARTESIAN_POINT('',(0.25,-1.55,3.35));
#5217=CARTESIAN_POINT('',(0.25,0.199999999999999,3.35));
#5218=CARTESIAN_POINT('',(0.,-1.55,3.35));
#5219=CARTESIAN_POINT('Origin',(0.25,0.9,3.85));
#5220=CARTESIAN_POINT('',(0.249999999999999,-1.85,-2.5));
#5221=CARTESIAN_POINT('',(0.249999999999999,0.0999999999999997,-2.5));
#5222=CARTESIAN_POINT('',(0.25,-1.85,3.502503108794));
#5223=CARTESIAN_POINT('Origin',(0.0181442880943206,-1.85,3.66583268381049));
#5224=CARTESIAN_POINT('',(-0.250000000000001,-1.85,-2.5));
#5225=CARTESIAN_POINT('',(-0.666652344513271,-1.85,-2.5));
#5226=CARTESIAN_POINT('',(-0.25,-1.85,3.502503108794));
#5227=CARTESIAN_POINT('',(0.25,-1.85,3.05));
#5228=CARTESIAN_POINT('',(0.,-1.85,3.05));
#5229=CARTESIAN_POINT('',(0.25,-1.85,3.502503108794));
#5230=CARTESIAN_POINT('Origin',(0.25,0.9,3.85));
#5231=CARTESIAN_POINT('',(0.25,-1.6,3.85));
#5232=CARTESIAN_POINT('',(0.25,0.099999999999999,3.85));
#5233=CARTESIAN_POINT('Origin',(0.25,-1.6,3.05));
#5234=CARTESIAN_POINT('Origin',(0.25,-1.55,3.05));
#5235=CARTESIAN_POINT('Origin',(0.25,-1.55,3.05));
#5236=CARTESIAN_POINT('Origin',(-0.25,0.149999999999999,3.85));
#5237=CARTESIAN_POINT('',(0.,-1.6,3.85));
#5238=CARTESIAN_POINT('Origin',(0.,-1.55,3.05));
#5239=CARTESIAN_POINT('Origin',(-0.200000000000001,-2.1,-2.7));
#5240=CARTESIAN_POINT('',(-0.250000000000001,0.15,-2.5));
#5241=CARTESIAN_POINT('',(-0.150000000000001,-1.95,-2.9));
#5242=CARTESIAN_POINT('',(-1.75062577719851,-0.349374222801502,3.502503108794));
#5243=CARTESIAN_POINT('',(-0.150000000000001,-2.3,-2.9));
#5244=CARTESIAN_POINT('',(-0.150000000000001,0.15,-2.9));
#5245=CARTESIAN_POINT('',(-1.75062577719851,-3.9006257771985,3.502503108794));
#5246=CARTESIAN_POINT('Origin',(-1.11022302462516E-15,-1.9,-2.7));
#5247=CARTESIAN_POINT('',(0.149999999999999,-1.95,-2.9));
#5248=CARTESIAN_POINT('',(1.75062577719849,-0.349374222801502,3.502503108794));
#5249=CARTESIAN_POINT('',(-0.666652344513271,-1.95,-2.9));
#5250=CARTESIAN_POINT('Origin',(-1.11022302462516E-15,-2.35,-2.7));
#5251=CARTESIAN_POINT('',(0.149999999999999,-2.3,-2.9));
#5252=CARTESIAN_POINT('',(-0.666652344513271,-2.3,-2.9));
#5253=CARTESIAN_POINT('',(1.75062577719849,-3.9006257771985,3.502503108794));
#5254=CARTESIAN_POINT('Origin',(0.199999999999999,-2.15,-2.7));
#5255=CARTESIAN_POINT('',(0.149999999999999,0.0999999999999998,-2.9));
#5256=CARTESIAN_POINT('Origin',(0.249999999999999,-1.85,-2.9));
#5257=CARTESIAN_POINT('Origin',(-0.25,0.149999999999999,3.85));
#5258=CARTESIAN_POINT('Origin',(0.,-1.6,3.05));
#5259=CARTESIAN_POINT('Origin',(0.,-1.55,3.05));
#5260=CARTESIAN_POINT('Origin',(-0.05,3.1,3.8));
#5261=CARTESIAN_POINT('',(-0.15,3.3,3.75));
#5262=CARTESIAN_POINT('',(-0.66665234451327,3.3,3.75));
#5263=CARTESIAN_POINT('',(-0.924999999999999,0.199999999999999,4.525));
#5264=CARTESIAN_POINT('Origin',(-0.05,3.1,3.4));
#5265=CARTESIAN_POINT('',(-0.15,3.3,3.45));
#5266=CARTESIAN_POINT('',(-0.66665234451327,3.3,3.45));
#5267=CARTESIAN_POINT('',(-0.924999999999999,0.199999999999999,2.675));
#5268=CARTESIAN_POINT('Origin',(-0.2,3.1,3.6));
#5269=CARTESIAN_POINT('',(-0.15,3.3,3.502503108794));
#5270=CARTESIAN_POINT('Origin',(2.,-1.9,-2.7));
#5271=CARTESIAN_POINT('',(2.15,-1.95,-2.9));
#5272=CARTESIAN_POINT('',(3.75062577719849,-0.349374222801502,3.502503108794));
#5273=CARTESIAN_POINT('',(1.33334765548673,-1.95,-2.9));
#5274=CARTESIAN_POINT('Origin',(2.25,0.9,3.85));
#5275=CARTESIAN_POINT('',(2.25,2.9,3.502503108794));
#5276=CARTESIAN_POINT('Origin',(1.75,0.149999999999999,3.85));
#5277=CARTESIAN_POINT('',(1.75,2.9,3.502503108794));
#5278=CARTESIAN_POINT('Origin',(-0.66665234451327,3.3,3.502503108794));
#5279=CARTESIAN_POINT('Origin',(-1.75,0.9,3.85));
#5280=CARTESIAN_POINT('',(-1.75,-2.4,-2.5));
#5281=CARTESIAN_POINT('',(-1.75,-2.4,-2.9));
#5282=CARTESIAN_POINT('',(-1.75,-1.85,-2.5));
#5283=CARTESIAN_POINT('',(-1.75,0.0999999999999997,-2.5));
#5284=CARTESIAN_POINT('',(-1.75,-1.85,3.502503108794));
#5285=CARTESIAN_POINT('Origin',(-2.,-1.9,-2.7));
#5286=CARTESIAN_POINT('',(-2.25,-1.85,-2.5));
#5287=CARTESIAN_POINT('',(-2.66665234451327,-1.85,-2.5));
#5288=CARTESIAN_POINT('',(-1.85,-1.95,-2.9));
#5289=CARTESIAN_POINT('',(-0.249374222801509,-0.349374222801502,3.502503108794));
#5290=CARTESIAN_POINT('',(-2.15,-1.95,-2.9));
#5291=CARTESIAN_POINT('',(-2.66665234451327,-1.95,-2.9));
#5292=CARTESIAN_POINT('',(-3.7506257771985,-0.349374222801502,3.502503108794));
#5293=CARTESIAN_POINT('Origin',(-1.75,-1.85,-2.9));
#5294=CARTESIAN_POINT('',(-1.85,-2.3,-2.9));
#5295=CARTESIAN_POINT('',(-1.85,0.0999999999999998,-2.9));
#5296=CARTESIAN_POINT('',(-2.15,-2.3,-2.9));
#5297=CARTESIAN_POINT('',(-2.66665234451327,-2.3,-2.9));
#5298=CARTESIAN_POINT('',(-2.15,0.15,-2.9));
#5299=CARTESIAN_POINT('Origin',(-2.,-2.35,-2.7));
#5300=CARTESIAN_POINT('',(-2.25,-2.4,-2.5));
#5301=CARTESIAN_POINT('',(-2.66665234451327,-2.4,-2.5));
#5302=CARTESIAN_POINT('',(-3.7506257771985,-3.9006257771985,3.502503108794));
#5303=CARTESIAN_POINT('',(-0.249374222801509,-3.9006257771985,3.502503108794));
#5304=CARTESIAN_POINT('Origin',(-2.2,-2.1,-2.7));
#5305=CARTESIAN_POINT('',(-2.25,0.15,-2.5));
#5306=CARTESIAN_POINT('Origin',(-2.25,0.149999999999999,3.85));
#5307=CARTESIAN_POINT('',(-2.25,-1.85,3.502503108794));
#5308=CARTESIAN_POINT('',(-2.25,-2.4,3.35));
#5309=CARTESIAN_POINT('Origin',(-2.,-1.55,3.05));
#5310=CARTESIAN_POINT('',(-1.75,-1.85,3.05));
#5311=CARTESIAN_POINT('',(-2.25,-1.85,3.05));
#5312=CARTESIAN_POINT('',(-2.,-1.85,3.05));
#5313=CARTESIAN_POINT('Origin',(-2.25,-1.55,3.05));
#5314=CARTESIAN_POINT('Origin',(-1.75,-1.55,3.05));
#5315=CARTESIAN_POINT('Origin',(-2.25,0.149999999999999,3.85));
#5316=CARTESIAN_POINT('',(-1.75,-1.6,3.85));
#5317=CARTESIAN_POINT('',(-1.75,0.099999999999999,3.85));
#5318=CARTESIAN_POINT('',(-2.25,-1.6,3.85));
#5319=CARTESIAN_POINT('',(-2.25,0.9,3.85));
#5320=CARTESIAN_POINT('',(-2.,-1.6,3.85));
#5321=CARTESIAN_POINT('Origin',(-2.,-1.55,3.05));
#5322=CARTESIAN_POINT('',(-2.25,-1.55,3.35));
#5323=CARTESIAN_POINT('Origin',(-2.25,-1.55,3.05));
#5324=CARTESIAN_POINT('',(-1.75,-1.55,3.35));
#5325=CARTESIAN_POINT('',(-2.,-1.55,3.35));
#5326=CARTESIAN_POINT('Origin',(-1.75,-1.55,3.05));
#5327=CARTESIAN_POINT('Origin',(-2.25,0.75,3.35));
#5328=CARTESIAN_POINT('',(-1.75,0.199999999999999,3.35));
#5329=CARTESIAN_POINT('',(-2.25,0.149999999999999,3.35));
#5330=CARTESIAN_POINT('Origin',(-1.75,0.9,3.85));
#5331=CARTESIAN_POINT('',(-1.75,-2.4,3.05));
#5332=CARTESIAN_POINT('Origin',(-1.75,-1.6,3.05));
#5333=CARTESIAN_POINT('',(-1.75,-2.4,-2.9));
#5334=CARTESIAN_POINT('',(-1.75,-1.85,3.502503108794));
#5335=CARTESIAN_POINT('Origin',(-2.25,0.149999999999999,3.85));
#5336=CARTESIAN_POINT('',(-2.25,-1.85,3.502503108794));
#5337=CARTESIAN_POINT('',(-2.25,-2.4,3.05));
#5338=CARTESIAN_POINT('',(-2.25,-2.4,3.35));
#5339=CARTESIAN_POINT('Origin',(-2.25,-1.6,3.05));
#5340=CARTESIAN_POINT('Origin',(-1.98185571190568,-1.85,3.66583268381049));
#5341=CARTESIAN_POINT('Origin',(-1.98185571190568,-2.4,3.66583268381049));
#5342=CARTESIAN_POINT('',(-2.,-2.4,3.05));
#5343=CARTESIAN_POINT('Origin',(-2.,-1.6,3.05));
#5344=CARTESIAN_POINT('Origin',(-1.8,-2.15,-2.7));
#5345=CARTESIAN_POINT('Origin',(-2.05,3.1,3.8));
#5346=CARTESIAN_POINT('',(-2.15,3.3,3.75));
#5347=CARTESIAN_POINT('',(-2.66665234451327,3.3,3.75));
#5348=CARTESIAN_POINT('',(-2.925,0.199999999999999,4.525));
#5349=CARTESIAN_POINT('Origin',(-2.05,3.1,3.4));
#5350=CARTESIAN_POINT('',(-2.15,3.3,3.45));
#5351=CARTESIAN_POINT('',(-2.66665234451327,3.3,3.45));
#5352=CARTESIAN_POINT('',(-2.66665234451327,2.9,3.35));
#5353=CARTESIAN_POINT('',(-2.925,0.199999999999999,2.675));
#5354=CARTESIAN_POINT('Origin',(-2.2,3.1,3.6));
#5355=CARTESIAN_POINT('',(-2.15,3.3,3.502503108794));
#5356=CARTESIAN_POINT('Origin',(2.2,-2.15,-2.7));
#5357=CARTESIAN_POINT('',(2.15,0.0999999999999998,-2.9));
#5358=CARTESIAN_POINT('Origin',(-2.25,0.75,3.35));
#5359=CARTESIAN_POINT('Origin',(2.25,-1.85,-2.9));
#5360=CARTESIAN_POINT('Origin',(-2.66665234451327,3.3,3.502503108794));
#5361=CARTESIAN_POINT('Origin',(1.95,3.1,3.4));
#5362=CARTESIAN_POINT('',(2.925,0.199999999999999,2.675));
#5363=CARTESIAN_POINT('',(1.075,0.199999999999999,2.675));
#5364=CARTESIAN_POINT('Origin',(1.8,3.1,3.6));
#5365=CARTESIAN_POINT('Origin',(2.2,3.1,3.6));
#5366=UNCERTAINTY_MEASURE_WITH_UNIT(LENGTH_MEASURE(0.01),#5370,
'DISTANCE_ACCURACY_VALUE',
'Maximum model space distance between geometric entities at asserted c
onnectivities');
#5367=UNCERTAINTY_MEASURE_WITH_UNIT(LENGTH_MEASURE(0.01),#5370,
'DISTANCE_ACCURACY_VALUE',
'Maximum model space distance between geometric entities at asserted c
onnectivities');
#5368=(
GEOMETRIC_REPRESENTATION_CONTEXT(3)
GLOBAL_UNCERTAINTY_ASSIGNED_CONTEXT((#5366))
GLOBAL_UNIT_ASSIGNED_CONTEXT((#5370,#5372,#5373))
REPRESENTATION_CONTEXT('','3D')
);
#5369=(
GEOMETRIC_REPRESENTATION_CONTEXT(3)
GLOBAL_UNCERTAINTY_ASSIGNED_CONTEXT((#5367))
GLOBAL_UNIT_ASSIGNED_CONTEXT((#5370,#5372,#5373))
REPRESENTATION_CONTEXT('','3D')
);
#5370=(
LENGTH_UNIT()
NAMED_UNIT(*)
SI_UNIT(.MILLI.,.METRE.)
);
#5371=(
LENGTH_UNIT()
NAMED_UNIT(*)
SI_UNIT($,.METRE.)
);
#5372=(
NAMED_UNIT(*)
PLANE_ANGLE_UNIT()
SI_UNIT($,.RADIAN.)
);
#5373=(
NAMED_UNIT(*)
SI_UNIT($,.STERADIAN.)
SOLID_ANGLE_UNIT()
);
#5374=SHAPE_DEFINITION_REPRESENTATION(#5375,#5376);
#5375=PRODUCT_DEFINITION_SHAPE('',$,#5378);
#5376=SHAPE_REPRESENTATION('',(#3412),#5368);
#5377=PRODUCT_DEFINITION_CONTEXT('part definition',#5382,'design');
#5378=PRODUCT_DEFINITION('FusionComponent','FusionComponent',#5379,#5377);
#5379=PRODUCT_DEFINITION_FORMATION('',$,#5384);
#5380=PRODUCT_RELATED_PRODUCT_CATEGORY('FusionComponent',
'FusionComponent',(#5384));
#5381=APPLICATION_PROTOCOL_DEFINITION('international standard',
'automotive_design',2009,#5382);
#5382=APPLICATION_CONTEXT(
'Core Data for Automotive Mechanical Design Process');
#5383=PRODUCT_CONTEXT('part definition',#5382,'mechanical');
#5384=PRODUCT('FusionComponent','FusionComponent',$,(#5383));
#5385=PRESENTATION_STYLE_ASSIGNMENT((#5388));
#5386=PRESENTATION_STYLE_ASSIGNMENT((#5389));
#5387=PRESENTATION_STYLE_ASSIGNMENT((#5390));
#5388=SURFACE_STYLE_USAGE(.BOTH.,#5391);
#5389=SURFACE_STYLE_USAGE(.BOTH.,#5392);
#5390=SURFACE_STYLE_USAGE(.BOTH.,#5393);
#5391=SURFACE_SIDE_STYLE('',(#5394));
#5392=SURFACE_SIDE_STYLE('',(#5395));
#5393=SURFACE_SIDE_STYLE('',(#5396));
#5394=SURFACE_STYLE_FILL_AREA(#5397);
#5395=SURFACE_STYLE_FILL_AREA(#5398);
#5396=SURFACE_STYLE_FILL_AREA(#5399);
#5397=FILL_AREA_STYLE('Steel - Satin',(#5400));
#5398=FILL_AREA_STYLE('Plastic - Matte (Black)',(#5401));
#5399=FILL_AREA_STYLE('Gold - Polished',(#5402));
#5400=FILL_AREA_STYLE_COLOUR('Steel - Satin',#5403);
#5401=FILL_AREA_STYLE_COLOUR('Plastic - Matte (Black)',#5404);
#5402=FILL_AREA_STYLE_COLOUR('Gold - Polished',#5405);
#5403=COLOUR_RGB('Steel - Satin',0.627450980392157,0.627450980392157,0.627450980392157);
#5404=COLOUR_RGB('Plastic - Matte (Black)',0.0980392156862745,0.0980392156862745,
0.0980392156862745);
#5405=COLOUR_RGB('Gold - Polished',0.956862745098039,0.898039215686275,
0.654901960784314);
ENDSEC;
END-ISO-10303-21;
